ID,預測乳量
480,24
742,32
743,27
744,27
745,24
793,28
794,22
800,27
801,25
802,23
948,24
949,27
954,22
955,28
956,27
1512,16
1513,24
1552,27
1553,32
1554,27
1558,27
1559,24
1560,26
1561,27
1637,26
1638,17
1639,21
1717,24
1718,24
1719,20
1720,26
1721,23
1901,23
1985,27
1986,27
1987,28
1988,24
1989,25
1990,27
1991,27
2037,24
2038,25
2039,27
2040,26
2041,32
2042,27
2043,27
2073,27
2074,26
2075,28
2076,17
2077,27
2078,19
2079,27
2115,24
2116,25
2117,27
2118,26
2119,32
2120,27
2121,27
2147,27
2148,27
2149,32
2180,27
2181,17
2182,27
2183,25
2184,24
2206,16
2207,24
2274,9
2275,23
2316,13
2317,17
2318,11
2319,13
2320,24
2322,16
2323,18
2357,27
2358,32
2360,27
2361,27
2362,24
2363,27
2364,17
2489,9
2491,21
2492,16
2493,16
2494,17
2521,27
2522,24
2523,27
2524,27
2525,28
2527,22
2568,22
2570,28
2571,27
2572,27
2573,17
2574,27
2575,19
2605,25
2606,27
2607,23
2608,25
2636,27
2637,17
2638,27
2639,19
2642,22
2643,26
2644,28
2672,17
2673,26
2674,23
2676,24
2677,24
2678,22
2679,25
2712,23
2717,25
2718,23
2719,27
2749,21
2751,23
2752,25
2771,14
2772,13
2773,11
2774,13
2776,13
2777,22
2778,16
2842,25
2843,27
2844,26
2845,25
2881,27
2882,32
2883,27
2884,27
2885,26
2886,24
2887,27
2918,27
2919,25
2920,24
2921,26
2922,27
2952,27
2953,32
2954,27
2955,26
2956,24
2957,25
3026,27
3027,32
3028,27
3029,25
3030,27
3031,26
3184,32
3185,27
3186,27
3187,26
3188,27
3189,27
3190,24
3395,22
3396,27
3397,28
3398,24
3399,27
3400,27
3401,26
3436,27
3437,24
3438,28
3439,27
3440,22
3497,23
3498,26
3499,20
3500,27
3501,19
3502,17
3503,27
3588,17
3589,26
3590,21
3623,27
3624,27
3625,32
3626,25
3627,27
3652,24
3653,22
3654,16
3659,18
3660,19
3661,12
3687,29
3688,24
3689,20
3690,16
3695,22
3696,19
3697,21
3721,27
3722,27
3723,28
3724,27
3725,27
3726,22
3727,25
3755,17
3756,14
3757,20
3758,15
3759,17
3760,26
3761,23
3790,27
3791,27
3792,32
3793,24
3794,27
3795,22
3796,27
3821,32
3822,27
3823,27
3825,25
3826,22
3827,27
3828,27
3852,16
3853,18
3854,16
3910,17
3911,26
3912,21
3914,24
3915,24
3916,22
3917,25
3918,17
3919,16
3921,16
3922,13
3923,16
3971,18
3972,18
3973,23
3975,15
3976,18
3977,17
3978,14
4001,17
4002,27
4003,19
4004,27
4006,22
4007,26
4008,20
4026,32
4027,27
4028,27
4029,27
4030,27
4031,27
4057,22
4059,26
4060,20
4061,27
4062,17
4063,19
4064,27
4095,32
4096,27
4097,27
4098,25
4099,26
4100,27
4156,27
4157,32
4158,27
4159,26
4160,27
4161,24
4184,16
4185,20
4186,24
4187,29
4188,22
4189,19
4190,21
4268,27
4269,27
4270,32
4271,27
4272,26
4273,27
4274,24
4291,22
4292,23
4298,23
4332,27
4333,32
4334,27
4335,17
4336,27
4337,27
4338,27
4379,18
4380,15
4381,17
4382,14
4383,19
4384,17
4385,23
4415,23
4416,18
4417,18
4418,20
4419,12
4420,18
4421,19
4450,20
4451,16
4452,29
4453,24
4454,26
4455,17
4456,23
4481,13
4482,16
4483,22
4488,12
4489,18
4490,19
4534,17
4535,16
4536,14
4537,11
4540,13
4541,16
4542,16
4580,27
4581,32
4582,27
4586,26
4587,27
4588,24
4589,27
4603,19
4604,27
4605,27
4606,17
4609,26
4610,20
4611,22
4614,9
4651,21
4653,17
4654,26
4655,22
4656,25
4657,24
4658,24
4678,27
4679,32
4680,27
4681,27
4682,27
4683,27
4684,17
4700,25
4701,27
4703,32
4704,27
4722,26
4723,17
4725,23
4726,24
4727,15
4728,20
4729,17
4749,13
4751,16
4752,22
4753,12
4754,20
4755,18
4756,19
4784,20
4785,16
4786,24
4787,29
4788,19
4789,22
4791,23
4824,22
4826,28
4827,27
4828,27
4829,26
4830,24
4831,27
4866,27
4867,32
4868,25
4869,27
4870,26
4871,27
4905,26
4906,20
4907,23
4909,27
4910,19
4922,27
4923,27
4924,22
4925,25
4927,27
4928,28
4929,27
4963,23
4964,18
4965,18
4970,17
4971,14
4972,15
4973,18
4979,18
4980,18
4981,13
4992,23
5004,22
5005,25
5006,24
5007,24
5009,23
5010,26
5011,17
5021,21
5022,16
5023,9
5025,16
5026,17
5027,14
5028,11
5067,23
5068,26
5069,17
5082,17
5083,26
5084,23
5086,22
5087,25
5088,24
5089,24
5090,24
5091,27
5092,27
5093,26
5094,27
5095,27
5096,28
5110,28
5111,27
5112,22
5114,27
5115,27
5116,24
5134,22
5135,26
5136,20
5137,27
5138,19
5139,27
5140,17
5151,22
5152,25
5153,24
5154,24
5155,20
5156,26
5157,23
5169,24
5170,16
5185,20
5186,26
5187,23
5193,16
5194,20
5201,23
5202,20
5208,25
5209,23
5222,28
5223,27
5224,27
5226,26
5227,27
5228,27
5229,24
5230,16
5231,20
5232,29
5233,24
5235,23
5236,19
5237,22
5268,20
5269,26
5270,22
5272,17
5273,27
5274,19
5275,27
5302,27
5303,32
5304,27
5305,25
5306,25
5307,23
5308,17
5310,21
5315,27
5316,17
5317,27
5318,25
5319,24
5332,27
5333,32
5334,27
5335,25
5336,27
5337,26
5352,20
5353,26
5355,23
5356,27
5357,19
5358,27
5359,23
5360,11
5361,13
5362,13
5364,22
5365,18
5384,20
5385,26
5387,23
5388,23
5389,25
5399,27
5400,27
5401,32
5402,27
5403,26
5404,27
5405,24
5418,28
5419,27
5420,22
5422,27
5423,19
5424,17
5425,27
5426,18
5427,15
5429,13
5430,18
5431,18
5436,25
5437,23
5438,24
5439,24
5445,17
5446,26
5447,21
5449,26
5450,25
5473,21
5474,26
5475,17
5476,25
5477,23
5501,27
5502,28
5503,26
5504,17
5505,27
5506,19
5507,27
5508,24
5509,27
5510,27
5511,17
5512,27
5513,32
5514,27
5529,27
5530,32
5531,27
5532,17
5533,27
5534,19
5535,27
5545,27
5546,32
5547,27
5549,27
5550,25
5551,25
5552,23
5564,27
5565,32
5566,27
5567,26
5568,27
5569,27
5570,24
5571,24
5572,26
5573,17
5574,21
5587,27
5588,25
5589,26
5590,27
5591,23
5593,22
5594,18
5599,20
5600,12
5601,18
5602,18
5614,27
5615,27
5616,24
5617,27
5618,22
5620,28
5628,17
5629,21
5630,26
5632,24
5633,24
5634,22
5635,25
5636,22
5637,25
5638,19
5639,24
5641,27
5642,27
5643,28
5652,32
5653,27
5654,27
5657,20
5658,23
5663,27
5664,19
5665,26
5666,27
5667,27
5668,27
5669,24
5673,28
5674,27
5676,22
5677,21
5694,20
5695,23
5696,27
5697,19
5698,26
5699,17
5700,27
5713,21
5714,17
5716,22
5717,25
5718,26
5719,24
5720,24
5721,27
5722,19
5723,26
5724,17
5725,27
5727,27
5728,28
5736,20
5737,22
5739,17
5740,27
5741,26
5742,19
5743,27
5748,24
5749,26
5750,19
5751,25
5753,27
5754,28
5763,22
5764,19
5765,23
5767,29
5768,24
5769,16
5770,20
5775,19
5776,27
5777,26
5778,17
5779,27
5781,22
5782,20
5791,17
5792,21
5794,26
5795,16
5796,20
5799,19
5800,27
5801,17
5802,27
5804,23
5805,20
5806,26
5815,26
5816,20
5818,23
5819,27
5820,19
5822,27
5823,24
5824,27
5825,27
5827,28
5828,22
5837,20
5839,23
5840,17
5841,27
5842,26
5843,27
5844,19
5845,24
5846,24
5847,22
5848,25
5849,23
5851,17
5852,26
5863,26
5864,20
5866,23
5867,27
5868,19
5869,20
5870,16
5871,19
5872,29
5873,24
5874,23
5876,22
5883,17
5884,26
5886,23
5887,22
5888,25
5889,24
5890,24
5891,20
5892,16
5893,19
5894,24
5895,29
5896,21
5898,22
5905,17
5906,23
5908,25
5909,22
5910,26
5911,24
5912,24
5913,24
5914,24
5915,26
5916,22
5917,25
5919,21
5920,17
5926,27
5927,32
5928,27
5929,26
5930,27
5931,24
5932,27
5942,27
5943,32
5944,27
5945,27
5946,24
5947,27
5948,26
5957,26
5958,27
5959,24
5960,25
5961,27
5962,26
5963,19
5970,23
5971,20
5975,27
5976,27
5977,27
5978,19
5979,26
5980,20
5981,23
6001,23
6002,20
6003,26
6004,20
6005,12
6006,15
6007,20
6008,26
6009,24
6010,27
6011,27
6012,28
6013,27
6014,22
6017,21
6018,26
6019,17
6024,24
6025,24
6026,22
6027,25
6028,24
6029,27
6030,27
6036,28
6037,22
6040,22
6041,28
6046,27
6047,25
6048,27
6049,26
6050,25
6051,17
6052,14
6053,16
6054,24
6056,28
6057,26
6058,22
6061,22
6062,28
6067,27
6068,24
6069,27
6070,18
6071,15
6072,19
6073,14
6074,17
6078,22
6079,21
6082,22
6083,20
6084,27
6085,17
6086,26
6087,27
6088,19
6089,19
6090,27
6091,22
6092,25
6093,24
6094,32
6095,27
6096,25
6097,23
6098,17
6099,27
6100,27
6101,27
6102,27
6103,32
6104,32
6105,27
6107,27
6108,27
6109,24
6110,27
6111,26
6112,26
6113,27
6114,27
6115,27
6116,25
6117,25
6118,27
6119,27
6120,27
6121,17
6122,32
6123,32
6124,27
6125,27
6126,26
6127,27
6128,27
6129,25
6130,27
6131,27
6132,24
6133,27
6134,26
6135,27
6136,32
6137,32
6138,27
6139,26
6140,27
6141,24
6142,27
6143,25
6144,27
6145,27
6146,24
6147,27
6148,26
6149,27
6150,32
6151,26
6152,27
6153,27
6154,27
6155,25
6156,25
6157,23
6158,24
6159,29
6160,24
6161,19
6162,28
6163,27
6164,27
6165,22
6167,27
6168,28
6169,27
6170,24
6171,27
6172,26
6173,24
6174,25
6175,27
6176,27
6177,27
6178,32
6180,27
6181,23
6182,17
6183,24
6184,27
6185,27
6186,32
6187,27
6188,32
6189,27
6190,27
6191,25
6192,27
6193,27
6194,17
6195,23
6196,27
6197,25
6198,25
6199,27
6200,22
6201,27
6202,27
6203,32
6204,32
6205,27
6206,25
6207,26
6208,27
6209,27
6210,27
6211,17
6212,27
6213,19
6214,27
6215,28
6216,27
6217,23
6218,25
6219,27
6220,27
6221,22
6222,27
6223,27
6224,28
6225,27
6226,26
6227,27
6228,27
6229,25
6230,23
6231,26
6232,25
6233,27
6234,25
6235,23
7041,13
7042,18
7043,18
7044,18
7045,15
7046,17
7047,14
7656,26
7657,17
7658,21
8092,27
8093,32
8094,27
8095,25
8096,23
8097,27
8098,25
8248,32
8249,27
8250,27
8406,27
8407,32
8408,27
8409,27
8410,25
8411,27
8412,22
8637,16
8638,29
8639,24
8640,20
8641,26
8642,23
8643,17
8698,20
8699,22
8700,26
8701,19
8702,17
8703,27
8704,27
8885,13
8902,27
8903,25
8904,23
9051,23
9052,23
9053,27
9054,25
9055,23
9056,23
9057,25
9058,27
9363,30
9364,30
9365,30
9366,30
9367,30
9368,30
9386,22
9387,21
9388,15
9389,21
9391,22
9412,13
9414,22
9415,10
9416,13
9417,15
9418,19
9419,14
9434,27
9439,30
9440,30
9441,30
9442,28
9459,27
9460,29
9461,30
9462,30
9463,30
9464,30
9479,15
9480,21
9481,15
9482,20
9524,27
9525,29
9526,30
9527,29
9528,29
9529,32
9545,25
9551,30
9552,28
9569,18
9570,10
9576,10
9577,15
9578,15
9630,12
9643,27
9644,27
9645,25
9650,29
9651,29
9668,30
9669,30
9670,30
9673,30
9674,30
9675,27
9694,20
9699,30
9700,30
9701,28
9721,25
9723,22
9724,27
9725,30
9741,29
9742,25
9743,27
9745,27
9754,20
9756,22
9757,15
9758,17
9759,25
9825,30
9826,30
9827,30
9828,30
9829,30
9864,30
9865,30
9866,28
9867,25
9868,30
9884,29
9885,27
9886,25
9888,27
9893,30
9913,25
9915,27
9916,22
9917,30
9918,30
9919,28
9939,29
9940,30
9941,27
9942,29
9943,30
9944,32
9945,25
9962,29
9963,29
9964,27
9966,25
9967,27
9989,22
9990,21
9992,20
9993,17
9994,15
9995,25
10014,27
10015,30
10016,30
10054,22
10055,25
10056,27
10058,16
10059,16
10060,21
10099,30
10100,28
10101,30
10102,30
10103,25
10126,27
10131,30
10132,30
10133,28
10155,30
10156,30
10157,30
10158,30
10159,30
10160,30
10176,36
10182,30
10183,30
10184,28
10200,17
10201,17
10202,12
10208,24
10209,12
10210,12
10221,36
10227,30
10228,30
10229,28
10247,27
10248,29
10249,30
10250,24
10251,29
10252,30
10279,27
10281,30
10282,30
10283,30
10284,28
10312,27
10313,25
10314,27
10317,28
10318,30
10319,30
10320,30
10349,30
10350,30
10351,30
10352,28
10446,25
10447,27
10448,28
10449,30
10450,30
10531,30
10532,29
10533,27
10534,32
10535,29
10536,29
10576,22
10581,28
10582,30
10633,27
10634,29
10635,30
10636,32
10637,25
10638,29
10639,30
10658,30
10659,29
10660,27
10661,29
10662,29
10663,25
10664,32
10665,16
10666,19
10667,21
10668,22
10669,22
10671,15
10672,21
10720,27
10721,22
10723,25
10724,23
10725,24
10726,26
10727,30
10747,30
10748,28
10749,30
10821,27
10900,25
10901,30
10902,28
10903,30
10963,30
10964,30
10965,30
10966,30
10967,30
11144,22
11174,36
11175,27
11176,26
11178,29
11179,25
11180,32
11212,30
11213,30
11214,27
11215,30
11274,29
11275,29
11276,32
11277,27
11279,27
11280,25
11306,25
11307,27
11309,27
11310,32
11311,25
11312,29
11313,29
11334,30
11335,30
11336,30
11337,30
11338,30
11339,30
11340,19
11341,15
11342,21
11343,16
11344,27
11345,22
11346,25
11378,27
11379,22
11380,27
11381,16
11382,21
11383,22
11384,16
11409,16
11410,25
11411,22
11412,27
11440,20
11441,20
11442,21
11443,16
11465,23
11466,25
11467,22
11468,36
11499,36
11500,29
11501,26
11502,30
11503,30
11504,30
11505,30
11690,30
11691,30
11692,30
11693,30
11694,30
11941,27
12297,25
12298,27
12299,30
12300,28
12346,17
12347,15
12348,25
12349,19
12350,22
12351,20
12505,22
12506,21
12566,26
12567,29
12568,36
12572,30
12627,30
12628,30
12629,30
12630,30
12672,26
12673,27
12675,27
12676,29
13272,27
13274,27
13275,25
13276,29
13277,29
13278,32
13279,25
13398,26
13399,29
13401,36
13407,30
13408,30
13546,20
13548,30
13549,30
13550,28
13588,29
13589,29
13590,32
13592,27
13593,27
13594,25
13653,30
13654,29
13655,27
13727,25
13728,15
13729,21
13735,18
13736,17
13737,15
13738,18
13884,21
13885,16
13886,15
13887,19
13888,21
13889,20
13890,25
14030,30
14031,30
14032,30
14033,28
14315,27
14316,30
14317,30
14360,30
14361,30
14362,25
14363,32
14364,30
14365,30
14469,27
14474,30
14475,28
14476,30
14477,30
14537,23
14643,20
14644,19
14645,22
14763,27
14764,25
14765,27
14771,29
14772,29
14773,25
14774,32
15109,22
15110,21
15111,15
15327,29
15328,26
15329,36
15331,30
15332,30
15333,30
15334,30
15395,25
15486,27
15488,26
15489,22
15490,23
15491,24
15492,26
15493,30
15579,30
15614,27
15615,25
15617,36
15618,19
15619,19
15620,21
15621,23
15668,27
15670,30
15671,29
15672,30
15673,30
15674,30
15758,20
15763,30
15764,30
15765,28
15808,30
15809,28
15810,30
15811,30
15812,30
15869,30
15870,30
15872,27
15873,32
15874,30
15875,29
15907,27
15908,30
15909,29
15910,30
15911,30
15912,30
15913,30
15941,29
15942,30
15943,27
15944,30
15945,30
15946,30
16015,36
16017,26
16018,29
16019,30
16020,30
16021,30
16022,30
16065,36
16070,30
16071,28
16130,36
16131,29
16132,26
16137,30
16162,29
16163,29
16166,25
16167,27
16168,27
16196,27
16197,27
16198,25
16202,29
16203,29
16204,30
16205,26
16262,25
16263,27
16265,30
16266,30
16267,28
16294,29
16295,29
16296,32
16297,26
16299,27
16300,25
16301,27
16556,30
16557,30
16558,32
16559,30
16649,28
16650,30
16651,30
16652,30
16653,30
16654,28
16655,28
16656,30
16657,30
16774,30
16823,30
16824,30
16825,28
16826,28
16827,30
16828,32
16829,25
16830,30
16831,30
16832,30
16843,20
16860,36
16862,29
16863,26
16864,30
16865,30
16866,30
16867,30
16868,30
16869,25
16870,30
16871,30
16872,26
16873,29
16875,36
16878,30
16879,28
16880,30
16881,30
16882,30
16883,30
16884,30
16973,30
16974,30
16975,30
16976,30
16977,30
16978,30
16979,30
16980,30
16981,30
16982,29
16983,30
16984,30
16985,32
16986,30
16987,30
16988,28
16989,30
16990,32
16991,25
16992,30
16993,30
16994,30
16995,30
16996,30
16997,30
16998,29
16999,26
17000,32
17001,30
17002,30
17003,28
17004,30
17005,30
17006,28
17007,25
17008,32
17009,30
17010,30
17011,30
17012,30
17013,30
17014,29
17015,24
17016,30
17017,29
17018,30
17019,27
17020,30
17021,30
17022,30
17023,30
17024,30
17025,30
17026,30
17027,32
17028,25
17029,30
17030,28
17031,30
17032,30
17033,29
17034,32
17035,30
17036,30
17037,30
17038,30
17039,27
17040,32
17041,29
17042,30
17043,30
17044,28
17045,30
17046,30
17047,30
17048,28
17049,30
17050,30
17051,30
17052,30
17053,30
17054,30
17055,30
17056,30
17057,25
17058,32
17059,30
17060,30
17061,30
17062,30
17063,30
17064,30
17065,30
17066,28
17067,28
17068,30
17069,30
17070,30
17071,30
17072,30
17073,30
17074,32
17075,30
17076,29
17077,30
17078,30
17079,30
17080,30
17081,30
17082,30
17083,30
17084,30
17085,30
17086,30
17087,30
17088,30
17089,30
17090,28
17091,30
17092,30
17093,30
17094,30
17095,30
17096,28
17097,30
17098,30
17099,30
17100,30
17101,30
18099,22
18100,21
18101,15
18102,30
18103,30
18384,12
18697,30
18838,22
18839,12
18841,10
18846,17
18947,27
18949,30
19662,27
19663,25
19664,22
19665,16
19666,21
19667,15
19668,19
19716,17
19717,15
19718,22
19719,19
19720,20
20639,36
20640,26
20641,29
20642,30
20643,30
20682,36
21070,13
21071,12
21072,12
21073,17
21074,17
21075,12
21331,28
21332,30
21333,30
21334,30
21335,30
21338,36
21339,26
21345,30
21353,30
21354,30
21355,30
21356,28
21357,30
21358,30
21359,36
21367,30
21368,28
21369,30
21370,30
21371,30
21372,28
21373,30
21374,30
21375,30
21376,30
21377,30
21378,30
21379,30
21380,30
21381,25
21382,30
21383,30
21384,32
21385,30
21386,30
21387,30
21388,30
21389,30
21390,30
21391,28
21392,30
21393,30
21783,36
21784,26
21785,30
21786,30
21787,29
22173,22
22174,16
22175,16
22176,19
22177,21
22178,25
22179,27
22246,36
22247,25
22248,29
22249,25
22250,32
22251,29
22252,27
24703,30
24704,28
24705,30
24706,30
24707,30
24775,30
24776,15
24777,30
24778,29
24779,30
24780,30
24781,17
24782,12
24783,13
24784,8
24785,21
24786,12
24787,13
24815,27
24816,26
24817,19
24818,16
24819,21
24820,27
24821,23
24830,30
24831,27
24832,29
24833,29
24834,29
24835,32
24836,22
24837,21
24859,27
24860,25
24861,30
24862,30
24863,28
24864,24
24865,30
24866,22
24867,23
24868,25
24869,27
24891,21
24892,22
24893,15
24901,27
24902,30
24903,29
24904,29
24905,19
24906,24
24917,28
24918,30
24919,30
24920,30
24921,30
24932,30
24933,30
24934,30
24935,30
24936,30
24937,30
24938,29
24939,26
24940,36
24947,30
24948,30
24955,36
24956,26
24959,30
24960,28
24961,18
24962,18
24963,17
24964,22
24965,10
24966,21
24967,20
24989,10
24990,22
24991,17
24992,12
24993,12
24994,17
25003,30
25004,29
25005,30
25006,15
25007,30
25008,30
25018,30
25019,26
25020,32
25021,30
25022,17
25023,25
25024,22
25025,15
25026,15
25031,21
25032,25
25033,36
25045,30
25046,30
25047,30
25048,25
25049,32
25050,30
25051,26
25052,36
25060,28
25061,30
25070,27
25071,30
25072,30
25073,30
25074,30
25075,30
25076,29
25077,29
25078,26
25079,36
25091,36
25092,26
25093,29
25094,30
25095,30
25103,26
25104,36
25106,30
25107,23
25108,22
25109,15
25110,30
25111,24
25114,25
25115,27
25128,36
25131,28
25132,30
25133,30
25134,16
25135,20
25136,19
25137,15
25138,21
25141,20
25142,21
25147,25
25148,27
25151,29
25152,32
25153,27
25154,29
25155,30
25156,29
25159,36
25160,26
25166,25
25167,27
25172,27
25173,29
25176,16
25177,20
25178,19
25179,15
25180,21
25184,20
25185,21
25190,27
25191,25
25196,22
25197,23
25200,29
25201,27
25205,27
25206,25
25211,25
25212,36
25220,27
25221,25
25224,27
25225,29
25226,27
25227,29
25228,26
25231,25
25232,27
25238,36
25239,26
25242,30
25243,30
25244,28
25245,29
25246,30
25249,26
25250,36
25254,30
25255,30
25256,30
25257,30
25258,30
25259,30
25260,30
25261,29
25262,30
25263,26
25264,36
25275,27
25276,26
25277,30
25278,29
25279,30
25280,30
25281,29
25282,30
25283,26
25284,36
25293,36
25294,26
25295,30
25296,29
25297,30
25305,26
25306,36
25307,30
25308,30
25309,30
25310,29
25311,30
25312,29
25313,27
25314,29
25315,27
25316,25
25327,26
25328,36
25329,29
25330,30
25339,36
25340,25
25341,29
25342,27
25343,29
25344,25
25345,32
25346,16
25347,22
25348,21
25349,22
25350,23
25351,25
25352,36
25360,27
25361,25
25362,29
25363,27
25364,29
25365,32
25366,29
25367,30
25368,26
25369,36
25376,30
25377,30
25378,30
25379,30
25380,30
25381,29
25382,27
25383,26
25384,26
25385,36
25390,29
25391,30
25392,30
25393,30
25394,30
25395,30
25396,30
25397,29
25401,27
25402,30
25403,26
25404,36
25409,27
25410,23
25411,15
25412,30
25413,24
25414,29
25415,32
25416,29
25417,27
25422,27
25423,25
25424,25
25425,27
25429,22
25430,23
25431,30
25432,26
25433,24
25434,29
25435,25
25436,32
25437,29
25438,27
25444,36
25445,25
25446,25
25447,36
25452,22
25453,23
25454,30
25455,24
25456,29
25457,32
25458,29
25459,27
25465,27
25466,25
25467,25
25474,22
25475,23
25476,30
25477,30
25478,30
25479,29
25483,27
25484,30
25485,28
25486,30
25487,30
25488,30
25489,30
25490,29
25491,30
25492,30
25493,26
25494,36
25498,27
25499,25
25501,29
25502,32
25503,27
25504,29
25505,29
25506,27
25507,32
25508,25
25509,29
25511,25
25512,27
25517,36
25518,25
25520,29
25521,32
25522,27
25523,29
25524,23
25525,22
25526,26
25527,24
25529,27
25530,27
25533,36
25534,26
25537,30
25538,25
25539,30
25540,29
25541,30
25542,30
25543,30
25544,30
25545,28
25546,24
25547,19
25548,29
25549,27
25551,26
25552,36
25557,27
25558,26
25560,27
25561,23
25562,19
25563,19
25564,21
25565,28
25566,30
25567,30
25568,30
25569,30
25570,25
25571,28
25572,28
25573,30
25574,30
25575,30
25576,30
25577,30
25578,30
25579,29
25581,26
25582,36
25585,27
25586,30
25587,29
25588,30
25589,30
25590,30
25591,32
25592,30
25593,26
25594,36
25598,30
25599,30
25600,30
25601,29
25602,30
25603,30
25604,30
25605,30
25606,27
25607,30
25608,30
25609,27
25610,30
25611,25
25612,30
25613,30
25614,30
25615,29
25616,29
25617,29
25618,32
25619,27
25620,30
25621,30
25622,27
25623,32
25624,29
25625,29
25626,29
25627,30
25628,28
25629,30
25630,30
25631,30
25632,30
25633,30
25634,29
25635,27
25636,30
25637,30
25638,30
25639,30
25640,30
25641,30
25642,30
25643,15
25644,29
25645,30
25646,30
25647,30
25648,27
25649,30
25650,30
25651,28
25652,30
25653,30
25654,32
25655,29
25656,29
25657,27
25658,27
25659,26
25660,30
25661,27
25662,29
25663,30
25664,30
25665,30
25666,30
25667,15
25668,29
25669,29
25670,29
25671,30
25672,30
25673,32
25674,29
25675,29
25676,29
25677,30
25678,27
25679,27
25680,26
25682,30
25683,29
25684,30
25685,32
25686,26
25687,30
25688,30
25689,30
25690,30
25691,30
25692,30
25693,30
25694,30
25695,30
25696,30
25697,30
25698,30
25699,30
25700,28
25701,30
25702,30
25703,30
25704,30
25705,30
25706,30
25707,25
25708,30
25709,30
25710,30
25711,30
25712,30
25713,30
25714,27
25715,29
25716,29
25717,29
25718,32
25719,25
25720,30
25721,28
25722,30
25723,30
25724,30
25725,30
25726,30
25727,27
25728,30
25729,30
25730,27
25731,30
25732,30
25733,29
25734,30
25735,30
25736,29
25737,30
25738,30
25739,36
25740,26
25743,30
25744,30
25745,30
25746,30
25747,29
25748,30
25749,30
25750,30
25751,27
25752,27
25753,27
25757,18
25758,19
25759,17
25760,20
25761,22
25762,30
25763,30
25764,30
25765,30
25766,30
25767,30
25768,27
25769,30
25770,30
25771,32
25772,29
25773,29
25774,29
25775,30
25776,30
25777,30
25778,30
25779,28
25780,30
25781,30
25785,21
25786,20
25807,22
25808,21
25809,10
25810,22
25811,18
25812,18
25813,22
25814,23
25815,27
25816,25
25837,36
25838,25
25839,23
25840,22
25841,30
25842,24
25843,27
25844,25
25845,27
25854,30
25855,30
25856,18
25857,18
25858,15
25859,10
25866,20
25867,15
25873,27
25880,30
25881,28
25882,30
25883,30
25892,25
25893,30
25894,30
25895,30
25896,30
25906,30
25907,30
25908,30
25909,30
25910,30
25911,30
25912,22
25913,27
25914,25
25925,30
25926,30
25927,22
25933,25
25934,27
25939,30
25940,30
25950,30
25951,30
25952,30
25953,30
25954,30
25959,25
25973,30
25974,30
25975,30
25976,30
25977,30
25978,30
26054,30
26055,28
26056,30
26069,29
26072,26
26073,36
26082,36
26083,26
26086,29
26091,30
26092,30
26205,30
26206,27
26207,32
26208,30
26209,29
26210,30
26211,36
26212,26
26221,28
26222,30
26223,15
26230,21
26231,22
26245,30
26246,30
26247,30
26248,30
26249,26
26250,29
26251,25
26252,27
26262,28
26263,30
26264,11
26265,24
26272,14
26273,12
26285,26
26286,36
26293,29
26294,30
26295,30
26307,30
26308,30
26309,29
26310,30
26311,30
26312,30
26313,30
26314,30
26315,30
26316,30
26329,30
26330,27
26332,32
26333,29
26334,29
26335,29
26349,27
26350,27
26351,22
26352,24
26353,30
26354,26
26379,30
26380,30
26381,30
26382,30
26383,30
26384,30
26398,30
26399,30
26400,30
26401,30
26413,25
26414,27
26415,32
26416,29
26417,27
26418,25
26419,27
26429,28
26430,30
26431,30
26443,26
26444,36
26445,30
26446,29
26447,30
26459,27
26460,30
26461,30
26462,29
26463,29
26464,32
26465,32
26466,29
26467,27
26468,29
26469,26
26470,27
26493,27
26494,30
26495,30
26496,30
26497,30
26498,30
26499,30
26500,36
26510,30
26511,28
26526,36
26527,26
26528,30
26529,30
26530,29
26531,30
26541,30
26542,30
26543,30
26544,30
26545,30
26546,30
26547,36
26558,28
26559,30
26560,30
26561,27
26568,27
26569,25
26574,30
26575,30
26576,28
26577,22
26578,27
26579,25
26589,30
26590,29
26596,36
26597,26
26606,27
26607,25
26614,22
26615,23
26616,24
26617,23
26618,22
26624,25
26625,27
26706,25
26707,27
26710,27
26711,30
26712,18
26713,17
26714,18
26715,15
26716,10
26719,20
26720,15
26769,21
26770,22
26775,22
26776,15
26777,21
26778,19
26779,16
26812,25
26813,27
26816,30
26817,30
26818,28
26851,36
26856,28
26857,30
26858,30
26859,30
26918,23
26919,22
26924,25
26925,27
26996,25
26997,27
27001,27
27002,29
27003,16
27004,20
27005,19
27006,15
27007,21
27011,25
27012,21
27017,27
27025,28
27026,30
27027,30
27058,29
27063,36
27064,26
27067,30
27110,32
27111,25
27112,29
27113,27
27116,25
27117,27
27132,36
27135,30
27136,28
27137,30
27138,30
27139,30
27140,30
27141,30
27142,30
27143,30
27144,30
27145,30
27146,30
27147,27
27148,30
27149,30
27150,27
27151,29
27152,29
27153,29
27154,32
27155,25
27169,30
27170,30
27171,30
27175,29
27176,26
27178,27
27194,25
27197,27
27198,22
27202,30
27223,27
27224,26
27225,27
27226,16
27227,21
27228,23
27258,27
27259,27
27260,26
27261,23
27262,24
27263,30
27284,30
27285,30
27286,30
27287,30
27288,28
27289,15
27290,22
27291,19
27294,20
27330,30
27331,30
27332,30
27333,30
27334,30
27382,20
27383,21
27386,20
27387,30
27388,30
27407,30
27408,30
27409,30
27410,30
27411,30
27412,30
27423,29
27424,26
27425,36
27427,30
27428,30
27429,32
27441,30
27442,30
27443,30
27444,28
27445,30
27472,30
27473,30
27474,32
27475,26
27476,29
27477,26
27479,36
27487,14
27517,27
27522,30
27523,30
27524,28
27535,30
27536,30
27539,36
27542,26
27543,29
27578,22
27579,21
27581,20
27582,10
27583,13
27584,12
27585,21
27599,29
27600,27
27603,25
27604,27
27624,20
27625,21
27627,20
27628,16
27629,21
27630,19
27658,25
27664,30
27665,28
27666,30
27676,15
27677,19
27678,24
27679,23
27683,27
27684,26
27685,27
27699,22
27700,25
27701,27
27705,23
27706,24
27707,30
27726,27
27727,26
27728,27
27729,16
27730,22
27731,21
27732,23
27744,16
27745,21
27746,22
27747,25
27748,22
27749,25
27750,27
27775,36
27776,30
27777,25
27778,28
27779,30
27793,29
27794,29
27795,27
27797,25
27798,27
27820,20
27821,27
27823,27
27824,21
27825,16
27826,15
27827,19
27878,25
27881,30
27882,28
27883,30
27884,30
27887,20
27888,19
27913,26
27914,27
27915,27
27917,29
27928,29
27929,25
27930,32
27932,36
27933,27
27934,25
27950,26
27951,29
27952,36
27954,32
27955,29
27956,25
27957,29
27972,36
27973,22
27974,25
27975,23
27976,21
27977,19
28006,30
28007,30
28008,32
28009,26
28010,29
28011,30
28025,29
28026,29
28027,32
28028,27
28029,25
28030,36
28048,25
28049,27
28050,20
28051,16
28052,21
28053,16
28063,23
28064,22
28065,27
28066,25
28086,27
28087,25
28088,27
28099,22
28100,27
28101,25
28107,23
28108,24
28109,30
28110,26
28115,25
28116,27
28124,30
28125,30
28126,28
28139,30
28140,30
28141,32
28142,30
28153,30
28154,30
28155,29
28156,26
28157,36
28174,36
28175,26
28176,29
28177,30
28178,30
28179,30
28191,30
28192,30
28193,30
28194,30
28195,30
28196,30
28208,30
28209,30
28210,25
28211,30
28212,26
28213,29
28215,36
28231,27
28234,27
28235,25
28236,32
28237,29
28238,29
28250,30
28251,26
28252,29
28254,36
28271,27
28272,29
28273,30
28274,30
28275,30
28285,30
28286,30
28287,30
28288,26
28289,29
28290,36
28307,27
28308,20
28309,27
28310,19
28311,15
28312,16
28313,21
28329,21
28330,16
28331,19
28332,21
28333,20
28334,25
28343,10
28344,15
28345,15
28346,10
28347,18
28387,26
28388,29
28389,27
28391,30
28392,30
28393,30
28394,30
28404,32
28405,29
28406,29
28408,27
28409,27
28410,25
28423,26
28424,29
28425,27
28427,30
28428,30
28429,30
28438,30
28441,36
28442,29
28443,26
28461,26
28462,29
28463,36
28465,30
28466,30
28467,30
28477,27
28493,36
28501,30
28502,28
28503,30
28524,30
28525,28
28526,30
28527,30
28555,30
28556,25
28557,30
28558,30
28559,30
28571,30
28572,30
28573,30
28574,30
28575,26
28576,25
28578,27
28587,30
28588,28
28589,30
28590,26
28591,23
28592,24
28596,25
28599,27
28600,22
28613,20
28617,28
28618,30
28631,30
28632,30
28633,19
28634,15
28635,24
28636,30
28646,30
28647,30
28648,27
28649,30
28650,29
28651,25
28652,20
28654,20
28655,21
28677,27
28678,30
28679,28
28690,30
28691,28
28692,30
28693,30
28694,30
28703,29
28704,30
28705,27
28706,30
28707,29
28708,29
28709,20
28711,21
28712,20
28722,30
28723,30
28724,19
28725,16
28726,21
28727,22
28732,15
28733,21
28734,25
28744,13
28746,22
28747,10
28752,17
28756,22
28757,27
28759,25
28771,22
28772,21
28773,15
28777,30
28778,30
28779,19
28780,16
28781,21
28786,20
28787,21
28788,20
28803,24
28804,12
28805,12
28810,17
28814,15
28815,21
28816,22
28834,30
28835,30
28836,30
28837,30
28843,22
28844,27
28847,25
28848,23
28864,27
28865,30
28866,30
28867,30
28868,30
28884,12
28885,22
28886,10
28888,18
28889,21
28890,23
28891,17
28901,16
28902,21
28903,19
28904,16
28906,27
28907,25
28908,22
28929,30
28930,30
28931,32
28932,29
28935,32
28936,25
28937,30
28938,30
28939,10
28940,22
28941,13
28947,15
28948,13
28949,14
28970,22
28971,30
28972,28
28973,30
28974,30
28975,25
28987,30
28988,28
28989,30
28998,30
28999,29
29000,32
29001,25
29002,29
29003,29
29004,26
29007,36
29010,28
29011,30
29015,36
29018,26
29019,30
29020,28
29021,30
29022,27
29023,22
29025,25
29031,30
29032,25
29033,22
29034,21
29035,16
29040,36
29042,22
29043,25
29044,25
29045,27
29047,27
29052,29
29053,32
29054,27
29055,30
29056,30
29057,30
29058,30
29059,30
29060,30
29061,30
29062,29
29063,29
29064,27
29065,25
29066,27
29075,27
29076,30
29077,30
29078,29
29079,30
29080,25
29081,32
29082,30
29083,30
29084,30
29085,29
29086,26
29087,36
29094,36
29095,26
29096,29
29097,30
29098,30
29099,30
29100,30
29101,30
29102,29
29103,24
29104,29
29105,30
29106,27
29107,36
29110,26
29111,29
29114,30
29115,30
29116,30
29117,30
29118,30
29121,29
29122,26
29124,36
29125,30
29126,30
29127,30
29128,30
29129,30
29130,30
29131,30
29132,30
29141,19
29158,27
29159,26
29160,36
29162,29
29185,36
29186,25
29187,27
29188,29
29189,29
29190,32
29221,27
29222,25
29223,36
29224,32
29225,29
29226,29
29237,27
29239,26
29240,29
29241,30
29242,30
29243,30
29244,30
29245,18
29246,18
29247,16
29248,24
29249,12
29251,24
29288,25
29290,27
29301,26
29302,29
29304,36
29308,30
29309,30
29332,36
29334,26
29358,25
29359,27
29361,27
29362,29
29363,29
29364,32
29365,25
29373,30
29382,25
29383,27
29388,32
29389,29
29390,29
29412,27
29413,29
29414,26
29415,30
29416,30
29417,30
29418,30
29438,16
29439,21
29440,20
29441,20
29462,20
29463,30
29464,30
29465,28
29477,27
29479,27
29480,26
29491,26
29492,29
29493,27
29494,29
29495,32
29496,25
29497,29
29511,16
29512,20
29514,20
29515,21
29539,27
29540,22
29542,25
29543,30
29544,30
29559,30
29560,28
29561,30
29562,30
29603,25
29608,30
29609,25
29610,28
29611,30
29629,27
29630,22
29631,25
29632,30
29633,24
29634,23
29681,27
29682,29
29683,30
29684,30
29685,30
29686,30
29733,32
29734,29
29735,29
29736,25
29737,27
29738,27
29820,27
29821,30
29844,20
29875,27
29876,25
29877,27
29878,29
29879,29
29880,32
29881,25
29904,25
29905,27
29935,27
29936,25
29937,27
29938,25
29939,32
29940,29
29941,29
29989,30
29990,30
29991,27
29993,30
30028,36
30029,25
30030,27
30031,29
30032,29
30033,32
30034,25
30047,27
30075,25
30076,22
30077,27
30078,19
30079,21
30080,16
30098,22
30099,21
30100,16
30101,19
30102,21
30103,15
30104,20
30137,27
30138,27
30139,25
30140,29
30141,29
30189,30
30190,30
30191,30
30192,30
30251,16
30252,22
30253,25
30255,36
30290,30
30291,30
30292,29
30293,32
30294,25
30326,30
30327,29
30328,26
30330,36
30350,25
30352,21
30353,15
30354,15
30355,18
30356,21
30357,14
30414,20
30419,30
30420,30
30421,28
30444,27
30446,29
30447,30
30448,30
30449,30
30450,30
30451,30
30475,30
30476,30
30477,27
30478,30
30479,30
30480,28
30510,17
30511,15
30512,25
30513,22
30515,22
30516,19
30539,25
30540,27
30542,27
30543,29
30544,29
30554,36
30556,27
30557,25
30558,29
30559,29
30560,32
30561,26
30562,26
30564,36
30569,30
30570,28
30580,30
30581,30
30582,30
30583,30
30584,32
30595,29
30596,26
30597,27
30600,25
30601,27
30602,22
30606,30
30607,26
30608,23
30609,24
30670,26
30671,27
30684,36
30685,25
30686,22
30690,21
30691,16
30692,15
30693,19
30711,30
30712,32
30713,25
30714,30
30715,30
30727,13
30728,15
30729,19
30730,14
30731,15
30732,19
30733,22
30752,27
30753,25
30754,27
30755,29
30756,29
30769,30
30770,30
30771,27
30772,28
30773,30
30774,30
30775,30
30819,27
30820,25
30821,27
30822,29
30832,30
30833,30
30834,29
30835,26
30851,36
30852,26
30853,29
30854,30
30855,30
30856,30
30869,29
30870,30
30871,27
30872,32
30873,26
30874,29
30875,29
30876,17
30877,22
30878,19
30879,18
30880,20
30882,21
30883,15
30902,36
30903,30
30904,30
30905,28
30917,30
30918,30
30919,30
30920,30
30921,30
30933,26
30934,29
30935,27
30937,30
30938,30
30939,30
30950,27
30951,29
30952,26
30953,30
30954,30
30955,30
30956,30
30992,30
30993,29
30994,27
30995,25
30996,30
30997,30
30998,30
31027,36
31030,26
31031,28
31032,30
31033,30
31062,21
31063,15
31065,25
31066,18
31067,17
31068,15
31089,30
31090,30
31091,28
31092,30
31102,19
31103,15
31104,21
31105,16
31106,22
31107,27
31109,25
31124,30
31125,28
31135,30
31136,30
31139,36
31142,26
31143,29
31166,25
31168,27
31169,29
31170,29
31171,32
31191,30
31192,30
31193,30
31194,36
31196,26
31197,29
31219,30
31220,28
31221,30
31222,30
31242,30
31243,30
31244,30
31245,30
31246,30
31276,22
31277,20
31278,27
31280,27
31301,25
31303,21
31304,20
31305,22
31306,21
31307,16
31324,21
31327,22
31354,27
31356,25
31357,22
31358,19
31359,15
31360,21
31361,16
31402,30
31403,30
31404,30
31405,30
31406,25
31407,32
31563,14
31564,16
31565,16
31566,10
31572,12
31786,10
31787,14
31788,18
31789,21
31790,19
32116,23
32117,16
32118,14
32119,18
32120,12
32272,20
32273,16
32274,21
32276,14
32277,18
32278,18
32279,19
32512,14
32513,16
32514,23
32516,19
32517,18
32593,18
32594,19
32596,23
32597,16
32598,14
32604,12
32715,14
32716,16
32717,23
32719,18
32720,12
32788,16
32790,16
32791,10
32792,20
32872,21
32873,20
32874,23
32875,21
32876,19
32877,12
32878,21
33013,23
33014,20
33015,21
33016,12
33017,19
33018,21
33074,14
33075,16
33077,23
33078,18
33079,19
33080,14
33081,18
33159,10
33160,10
33162,12
33163,12
33169,12
33274,18
33275,18
33276,19
33280,14
33281,16
33283,23
33408,12
33954,20
33955,23
33957,21
34195,23
34196,16
34197,14
34198,14
34199,14
34200,18
34201,14
34229,20
34230,21
34282,23
34284,14
34285,16
34330,16
34331,14
34333,23
34334,12
34393,10
34395,16
34396,16
34397,14
34450,21
34451,19
34452,18
34453,18
34454,23
34455,20
34457,21
34510,23
34511,14
34512,16
34517,19
34518,18
34545,23
34546,20
34547,21
34548,21
34549,19
34550,21
34551,12
34648,23
34650,14
34651,16
34652,18
34653,12
34690,10
34691,10
34692,12
34693,10
34694,14
34696,12
34742,10
34744,19
34745,21
34761,10
34762,12
34763,12
34764,10
34766,16
34767,20
34768,14
34786,10
34792,18
34793,18
34794,19
34795,21
34811,21
34812,23
34818,21
34819,20
34836,14
34837,23
34841,16
34842,18
34843,19
34877,21
34878,20
34880,23
34895,16
34896,19
34897,18
34898,14
34899,18
34901,14
34902,23
34926,21
34927,20
34929,18
34930,14
34931,21
34932,19
34933,23
34947,14
34948,23
34954,12
34955,21
35017,21
35018,23
35019,19
35020,21
35034,14
35035,14
35036,14
35038,12
35039,14
35062,20
35063,23
35064,19
35065,21
35066,21
35067,12
35096,10
35097,10
35098,10
35099,10
35100,10
35101,12
35102,10
35129,23
35130,14
35131,18
35132,14
35133,18
35148,10
35154,18
35155,14
35156,18
35157,19
35158,23
35176,12
35177,14
35179,19
35180,18
35181,14
35191,18
35192,14
35193,14
35194,18
35195,16
35197,14
35198,23
35215,23
35216,14
35218,16
35219,18
35220,19
35221,18
35222,14
35242,19
35273,12
35274,12
35275,10
35276,10
35277,10
35278,10
35279,10
35280,16
35281,16
35282,20
35292,12
35306,18
35307,19
35308,16
35312,14
35313,23
35345,23
35346,19
35347,21
35348,12
35349,21
35359,21
35360,20
35361,18
35362,14
35363,21
35364,19
35365,23
35376,14
35377,23
35379,16
35380,14
35381,14
35382,18
35383,14
35401,21
35402,20
35403,21
35404,19
35405,23
35406,21
35407,12
35421,23
35434,23
35435,21
35436,19
35437,18
35438,14
35440,16
35451,14
35452,21
35453,19
35469,21
35470,20
35471,19
35472,21
35473,21
35474,23
35475,12
35485,14
35486,23
35488,18
35489,16
35490,14
35491,14
35492,14
35498,23
35504,19
35505,18
35506,21
35507,14
35508,14
35509,16
35510,14
35511,14
35514,10
35515,16
35529,20
35530,21
35531,19
35532,21
35533,23
35534,21
35535,12
35545,23
35546,14
35548,18
35549,16
35550,18
35551,19
35552,10
35553,16
35555,20
35556,16
35573,10
35574,16
35576,21
35577,12
35579,16
35580,10
35589,14
35590,21
35591,19
35597,23
35601,19
35602,21
35604,10
35612,21
35613,19
35614,16
35615,10
35621,16
35622,20
35627,12
35629,10
35636,21
35637,19
35638,18
35639,16
35645,23
35646,14
35648,21
35649,12
35650,19
35651,23
35652,18
35653,20
35654,21
35655,23
35664,21
35665,19
35666,14
35667,16
35668,16
35669,16
35670,10
35677,20
35681,14
35682,12
35689,14
35690,21
35691,14
35692,14
35693,14
35694,14
35701,12
35702,14
35703,12
35707,19
35708,14
35709,14
35710,16
35711,10
35712,14
35718,14
35719,12
35734,10
35735,16
35736,14
35738,18
35739,19
35740,14
35741,23
35749,12
35750,14
35751,10
35752,18
35761,23
35762,14
35767,18
35768,19
35769,18
35770,18
35771,14
35772,14
35773,14
35774,16
35777,10
35780,23
35787,21
35788,21
35789,19
35790,12
36321,10
36322,16
36323,16
36324,14
36325,14
36618,14
36619,14
36620,16
36627,12
36715,14
36716,23
36717,16
36718,18
36719,18
36720,19
36855,21
36856,20
36857,19
36858,21
36859,21
36860,23
36861,12
37023,14
37024,23
37026,10
37027,16
37028,14
37029,10
37030,14
37350,18
37351,19
37352,23
37353,18
37354,14
37355,23
37356,19
37357,18
37358,14
37359,19
37360,23
37361,21
37362,10
37363,20
37364,20
37365,18
37366,23
37367,19
37368,18
37369,18
37370,19
37371,16
37372,18
37373,14
37374,20
37375,21
37376,21
37377,21
37378,20
37380,18
37381,14
37382,16
37383,14
37384,14
37385,18
37386,19
37387,23
37388,18
37389,18
37390,20
37391,20
37392,14
37393,21
37394,23
37395,19
37396,21
37397,21
37398,19
37399,23
37400,21
37401,14
37402,10
37403,18
37404,16
37405,14
37406,14
37407,20
37408,18
37409,19
37410,18
37411,18
37412,14
37413,14
37414,16
37415,14
37416,20
37417,21
37418,23
37419,18
37420,19
37421,18
37422,14
37423,19
37424,18
37425,23
37426,18
37427,20
37428,18
37429,19
37430,18
37431,23
37432,21
37433,14
37434,12
37435,19
37436,19
37437,18
37438,21
37439,18
37440,14
37441,21
37442,18
37443,19
37444,21
37445,14
37446,18
37447,14
37448,19
37449,21
37450,23
37451,21
37452,19
37453,18
37454,14
37455,14
37456,18
37457,19
37458,21
37459,18
37460,14
37461,14
37462,18
37463,12
37464,21
37465,21
37466,19
37467,12
37468,14
37469,19
37470,18
37471,21
37472,21
37473,18
37474,19
37475,14
37476,14
37477,21
37478,21
37479,14
37480,14
37481,21
37482,21
37483,21
37484,12
37485,12
