ID,預測乳量
480,16
742,29
743,29
744,30
745,26
793,19
794,22
800,29
801,28
802,28
948,22
949,22
954,27
955,25
956,23
1512,16
1513,16
1552,25
1553,23
1554,23
1558,22
1559,19
1560,21
1561,21
1637,22
1638,23
1639,25
1717,16
1718,16
1719,16
1720,16
1721,16
1901,28
1985,26
1986,27
1987,26
1988,25
1989,21
1990,25
1991,23
2037,22
2038,22
2039,21
2040,21
2041,25
2042,23
2043,25
2073,26
2074,27
2075,27
2076,25
2077,25
2078,25
2079,23
2115,27
2116,27
2117,24
2118,21
2119,30
2120,26
2121,29
2147,29
2148,26
2149,30
2180,29
2181,26
2182,26
2183,30
2184,26
2206,22
2207,22
2274,16
2275,28
2316,20
2317,20
2318,16
2319,16
2320,22
2322,22
2323,16
2357,27
2358,26
2360,30
2361,25
2362,23
2363,21
2364,25
2489,16
2491,16
2492,16
2493,16
2494,16
2521,22
2522,22
2523,21
2524,23
2525,25
2527,27
2568,23
2570,23
2571,22
2572,21
2573,21
2574,19
2575,19
2605,30
2606,30
2607,26
2608,28
2636,25
2637,21
2638,22
2639,23
2642,27
2643,25
2644,25
2672,27
2673,27
2674,26
2676,25
2677,23
2678,25
2679,25
2712,16
2717,28
2718,28
2719,29
2749,22
2751,28
2752,28
2771,20
2772,20
2773,16
2774,16
2776,16
2777,16
2778,16
2842,29
2843,30
2844,28
2845,28
2881,26
2882,27
2883,27
2884,25
2885,25
2886,23
2887,25
2918,29
2919,30
2920,26
2921,26
2922,26
2952,30
2953,29
2954,26
2955,24
2956,27
2957,26
3026,30
3027,29
3028,27
3029,26
3030,26
3031,24
3184,30
3185,30
3186,29
3187,24
3188,24
3189,26
3190,27
3395,26
3396,27
3397,27
3398,23
3399,25
3400,25
3401,25
3436,22
3437,19
3438,23
3439,23
3440,25
3497,23
3498,22
3499,22
3500,22
3501,19
3502,21
3503,21
3588,22
3589,16
3590,22
3623,26
3624,27
3625,27
3626,25
3627,23
3652,16
3653,16
3654,16
3659,16
3660,16
3661,20
3687,21
3688,21
3689,22
3690,22
3695,19
3696,19
3697,22
3721,29
3722,30
3723,29
3724,27
3725,26
3726,24
3727,24
3755,25
3756,21
3757,23
3758,23
3759,27
3760,25
3761,26
3790,29
3791,26
3792,30
3793,27
3794,27
3795,21
3796,24
3821,26
3822,27
3823,26
3825,21
3826,25
3827,25
3828,23
3852,16
3853,16
3854,16
3910,22
3911,22
3912,22
3914,16
3915,16
3916,20
3917,20
3918,16
3919,16
3921,16
3922,16
3923,16
3971,19
3972,19
3973,22
3975,22
3976,22
3977,21
3978,20
4001,21
4002,21
4003,22
4004,19
4006,25
4007,23
4008,23
4026,30
4027,30
4028,29
4029,27
4030,26
4031,24
4057,26
4059,25
4060,27
4061,25
4062,21
4063,23
4064,23
4095,29
4096,30
4097,26
4098,26
4099,24
4100,26
4156,26
4157,26
4158,21
4159,25
4160,25
4161,23
4184,19
4185,22
4186,21
4187,21
4188,23
4189,23
4190,25
4268,26
4269,27
4270,27
4271,25
4272,25
4273,25
4274,23
4291,22
4292,22
4298,28
4332,29
4333,30
4334,30
4335,24
4336,24
4337,27
4338,26
4379,22
4380,19
4381,21
4382,21
4383,23
4384,23
4385,25
4415,19
4416,22
4417,22
4418,20
4419,20
4420,16
4421,22
4450,22
4451,19
4452,21
4453,21
4454,22
4455,23
4456,25
4481,16
4482,16
4483,16
4488,20
4489,16
4490,16
4534,16
4535,16
4536,20
4537,20
4540,16
4541,16
4542,16
4580,27
4581,25
4582,23
4586,21
4587,21
4588,22
4589,23
4603,23
4604,22
4605,25
4606,21
4609,25
4610,25
4611,27
4614,16
4651,27
4653,27
4654,25
4655,21
4656,25
4657,22
4658,23
4678,26
4679,30
4680,29
4681,27
4682,27
4683,24
4684,21
4700,23
4701,27
4703,25
4704,23
4722,27
4723,27
4725,26
4726,25
4727,23
4728,25
4729,25
4749,25
4751,23
4752,23
4753,21
4754,21
4755,19
4756,22
4784,16
4785,16
4786,20
4787,20
4788,16
4789,16
4791,16
4824,26
4826,26
4827,27
4828,21
4829,25
4830,23
4831,25
4866,29
4867,29
4868,30
4869,26
4870,24
4871,26
4905,22
4906,22
4907,23
4909,22
4910,19
4922,22
4923,19
4924,21
4925,21
4927,25
4928,23
4929,23
4963,25
4964,23
4965,23
4970,21
4971,21
4972,19
4973,22
4979,16
4980,16
4981,16
4992,28
5004,21
5005,21
5006,22
5007,19
5009,25
5010,23
5011,23
5021,22
5022,22
5023,22
5025,16
5026,16
5027,20
5028,20
5067,26
5068,27
5069,27
5082,27
5083,25
5084,27
5086,21
5087,25
5088,23
5089,22
5090,27
5091,27
5092,24
5093,21
5094,29
5095,26
5096,30
5110,27
5111,25
5112,26
5114,25
5115,25
5116,23
5134,26
5135,27
5136,26
5137,23
5138,25
5139,21
5140,25
5151,21
5152,21
5153,22
5154,19
5155,23
5156,23
5157,25
5169,22
5170,16
5185,23
5186,23
5187,25
5193,19
5194,22
5201,22
5202,22
5208,28
5209,28
5222,26
5223,27
5224,30
5226,25
5227,21
5228,25
5229,23
5230,22
5231,22
5232,20
5233,20
5235,19
5236,22
5237,19
5268,26
5269,27
5270,30
5272,25
5273,21
5274,25
5275,25
5302,29
5303,29
5304,26
5305,26
5306,26
5307,24
5308,22
5310,23
5315,29
5316,26
5317,28
5318,30
5319,26
5332,29
5333,29
5334,26
5335,30
5336,26
5337,24
5352,25
5353,25
5355,27
5356,25
5357,23
5358,22
5359,28
5360,22
5361,22
5362,19
5364,22
5365,19
5384,22
5385,22
5387,22
5388,28
5389,28
5399,29
5400,30
5401,30
5402,24
5403,21
5404,26
5405,27
5418,27
5419,27
5420,26
5422,23
5423,25
5424,25
5425,25
5426,19
5427,19
5429,23
5430,22
5431,23
5436,28
5437,28
5438,22
5439,19
5445,22
5446,19
5447,23
5449,28
5450,28
5473,19
5474,22
5475,22
5476,28
5477,28
5501,27
5502,25
5503,23
5504,21
5505,21
5506,22
5507,22
5508,23
5509,25
5510,25
5511,25
5512,27
5513,27
5514,26
5529,30
5530,26
5531,26
5532,21
5533,21
5534,27
5535,25
5545,26
5546,26
5547,30
5549,25
5550,27
5551,21
5552,21
5564,26
5565,26
5566,27
5567,25
5568,21
5569,25
5570,23
5571,16
5572,16
5573,16
5574,22
5587,29
5588,28
5589,28
5590,29
5591,19
5593,22
5594,22
5599,20
5600,20
5601,22
5602,22
5614,21
5615,19
5616,19
5617,22
5618,23
5620,23
5628,25
5629,25
5630,23
5632,19
5633,22
5634,21
5635,21
5636,21
5637,21
5638,22
5639,19
5641,25
5642,23
5643,23
5652,23
5653,23
5654,25
5657,23
5658,23
5663,19
5664,19
5665,22
5666,21
5667,21
5668,22
5669,19
5673,25
5674,23
5676,25
5677,19
5694,19
5695,19
5696,22
5697,22
5698,22
5699,20
5700,20
5713,23
5714,22
5716,21
5717,21
5718,22
5719,19
5720,22
5721,22
5722,22
5723,23
5724,21
5725,21
5727,27
5728,25
5736,19
5737,22
5739,20
5740,21
5741,19
5742,22
5743,22
5748,22
5749,19
5750,22
5751,21
5753,22
5754,19
5763,19
5764,19
5765,22
5767,21
5768,20
5769,22
5770,22
5775,22
5776,22
5777,19
5778,20
5779,21
5781,22
5782,19
5791,19
5792,22
5794,19
5795,22
5796,22
5799,22
5800,19
5801,21
5802,21
5804,25
5805,23
5806,23
5815,19
5816,22
5818,23
5819,22
5820,19
5822,22
5823,19
5824,23
5825,21
5827,23
5828,25
5837,23
5839,25
5840,21
5841,21
5842,22
5843,19
5844,22
5845,22
5846,19
5847,21
5848,21
5849,25
5851,23
5852,23
5863,22
5864,23
5866,25
5867,19
5868,22
5869,22
5870,19
5871,23
5872,21
5873,21
5874,25
5876,25
5883,25
5884,23
5886,25
5887,21
5888,21
5889,22
5890,22
5891,22
5892,22
5893,23
5894,21
5895,21
5896,27
5898,25
5905,25
5906,25
5908,21
5909,21
5910,23
5911,22
5912,22
5913,19
5914,22
5915,22
5916,21
5917,21
5919,23
5920,22
5926,30
5927,30
5928,29
5929,21
5930,24
5931,27
5932,26
5942,29
5943,30
5944,26
5945,27
5946,27
5947,24
5948,21
5957,26
5958,28
5959,26
5960,30
5961,29
5962,22
5963,22
5970,19
5971,22
5975,29
5976,22
5977,21
5978,23
5979,25
5980,25
5981,27
6001,23
6002,22
6003,22
6004,19
6005,21
6006,22
6007,21
6008,25
6009,25
6010,21
6011,25
6012,26
6013,27
6014,30
6017,25
6018,22
6019,23
6024,19
6025,19
6026,21
6027,21
6028,22
6029,19
6030,22
6036,22
6037,23
6040,25
6041,23
6046,22
6047,29
6048,30
6049,28
6050,28
6051,25
6052,25
6053,23
6054,25
6056,27
6057,27
6058,26
6061,25
6062,23
6067,22
6068,19
6069,22
6070,22
6071,19
6072,23
6073,21
6074,21
6078,23
6079,25
6082,30
6083,26
6084,21
6085,25
6086,27
6087,23
6088,25
6089,27
6090,26
6091,21
6092,21
6093,25
6094,30
6095,30
6096,28
6097,28
6098,24
6099,26
6100,26
6101,29
6102,30
6103,29
6104,26
6105,30
6107,25
6108,27
6109,25
6110,21
6111,25
6112,26
6113,26
6114,26
6115,29
6116,30
6117,26
6118,30
6119,26
6120,26
6121,24
6122,29
6123,30
6124,30
6125,29
6126,21
6127,24
6128,27
6129,26
6130,27
6131,26
6132,27
6133,24
6134,21
6135,29
6136,30
6137,30
6138,29
6139,21
6140,24
6141,27
6142,30
6143,26
6144,26
6145,30
6146,27
6147,24
6148,24
6149,29
6150,30
6151,26
6152,26
6153,26
6154,29
6155,30
6156,28
6157,28
6158,21
6159,24
6160,27
6161,27
6162,30
6163,30
6164,29
6165,30
6167,26
6168,26
6169,27
6170,25
6171,21
6172,21
6173,25
6174,21
6175,25
6176,27
6177,25
6178,26
6180,30
6181,28
6182,24
6183,26
6184,26
6185,26
6186,29
6187,30
6188,30
6189,29
6190,30
6191,26
6192,24
6193,27
6194,21
6195,28
6196,29
6197,28
6198,26
6199,26
6200,24
6201,26
6202,30
6203,29
6204,29
6205,29
6206,30
6207,24
6208,26
6209,26
6210,27
6211,21
6212,24
6213,26
6214,30
6215,30
6216,29
6217,28
6218,28
6219,24
6220,25
6221,21
6222,27
6223,29
6224,30
6225,26
6226,28
6227,29
6228,28
6229,28
6230,28
6231,28
6232,28
6233,29
6234,28
6235,28
7041,22
7042,22
7043,16
7044,16
7045,16
7046,20
7047,20
7656,22
7657,22
7658,19
8092,29
8093,30
8094,30
8095,26
8096,21
8097,27
8098,24
8248,30
8249,29
8250,30
8406,29
8407,29
8408,30
8409,26
8410,24
8411,27
8412,24
8637,22
8638,21
8639,21
8640,23
8641,23
8642,27
8643,25
8698,27
8699,26
8700,27
8701,25
8702,25
8703,21
8704,23
8885,16
8902,29
8903,28
8904,28
9051,28
9052,28
9053,29
9054,28
9055,28
9056,28
9057,28
9058,29
9363,31
9364,32
9365,24
9366,24
9367,26
9368,28
9386,19
9387,19
9388,19
9389,19
9391,20
9412,20
9414,19
9415,19
9416,19
9417,19
9418,15
9419,15
9434,21
9439,36
9440,29
9441,31
9442,32
9459,31
9460,28
9461,32
9462,24
9463,26
9464,24
9479,19
9480,19
9481,19
9482,20
9524,31
9525,28
9526,32
9527,26
9528,24
9529,26
9545,20
9551,36
9552,31
9569,19
9570,20
9576,21
9577,20
9578,20
9630,19
9643,22
9644,22
9645,22
9650,21
9651,21
9668,22
9669,22
9670,22
9673,26
9674,24
9675,28
9694,20
9699,29
9700,31
9701,32
9721,21
9723,20
9724,20
9725,36
9741,19
9742,19
9743,19
9745,20
9754,19
9756,19
9757,19
9758,19
9759,15
9825,31
9826,30
9827,30
9828,28
9829,32
9864,31
9865,32
9866,28
9867,30
9868,29
9884,19
9885,19
9886,19
9888,20
9893,29
9913,20
9915,20
9916,19
9917,36
9918,29
9919,31
9939,28
9940,32
9941,31
9942,24
9943,26
9944,24
9945,26
9962,20
9963,20
9964,22
9966,21
9967,20
9989,22
9990,22
9992,24
9993,21
9994,22
9995,18
10014,31
10015,32
10016,28
10054,22
10055,22
10056,24
10058,25
10059,22
10060,21
10099,31
10100,28
10101,32
10102,30
10103,24
10126,20
10131,36
10132,31
10133,31
10155,32
10156,31
10157,26
10158,28
10159,30
10160,24
10176,22
10182,29
10183,36
10184,31
10200,19
10201,19
10202,15
10208,20
10209,20
10210,19
10221,22
10227,36
10228,31
10229,32
10247,31
10248,28
10249,32
10250,26
10251,26
10252,24
10279,21
10281,29
10282,30
10283,31
10284,32
10312,26
10313,24
10314,24
10317,32
10318,31
10319,30
10320,29
10349,29
10350,30
10351,32
10352,32
10446,19
10447,19
10448,31
10449,36
10450,36
10531,32
10532,28
10533,31
10534,24
10535,24
10536,26
10576,19
10581,31
10582,36
10633,31
10634,32
10635,32
10636,24
10637,26
10638,26
10639,28
10658,32
10659,28
10660,31
10661,26
10662,26
10663,26
10664,24
10665,15
10666,15
10667,19
10668,19
10669,19
10671,19
10672,19
10720,19
10721,19
10723,19
10724,19
10725,19
10726,15
10727,15
10747,29
10748,32
10749,32
10821,19
10900,19
10901,31
10902,31
10903,36
10963,30
10964,24
10965,28
10966,32
10967,31
11144,19
11174,28
11175,24
11176,26
11178,22
11179,25
11180,22
11212,32
11213,32
11214,31
11215,28
11274,22
11275,22
11276,25
11277,26
11279,22
11280,24
11306,24
11307,22
11309,26
11310,25
11311,18
11312,22
11313,22
11334,32
11335,32
11336,28
11337,26
11338,26
11339,24
11340,18
11341,18
11342,20
11343,20
11344,22
11345,21
11346,22
11378,24
11379,22
11380,22
11381,21
11382,21
11383,18
11384,18
11409,22
11410,24
11411,22
11412,26
11440,22
11441,20
11442,21
11443,20
11465,22
11466,22
11467,22
11468,24
11499,28
11500,24
11501,26
11502,24
11503,22
11504,22
11505,25
11690,31
11691,28
11692,32
11693,30
11694,24
11941,20
12297,19
12298,19
12299,36
12300,31
12346,19
12347,19
12348,15
12349,19
12350,19
12351,19
12505,19
12506,19
12566,24
12567,22
12568,26
12572,22
12627,32
12628,31
12629,26
12630,30
12672,28
12673,26
12675,32
12676,24
13272,26
13274,22
13275,24
13276,22
13277,22
13278,25
13279,25
13398,20
13399,20
13401,21
13407,36
13408,29
13546,19
13548,29
13549,31
13550,32
13588,21
13589,22
13590,25
13592,24
13593,22
13594,22
13653,28
13654,28
13655,32
13727,22
13728,21
13729,22
13735,18
13736,18
13737,20
13738,20
13884,19
13885,20
13886,15
13887,15
13888,20
13889,20
13890,21
14030,31
14031,29
14032,32
14033,32
14315,19
14316,29
14317,36
14360,32
14361,31
14362,24
14363,24
14364,26
14365,28
14469,20
14474,31
14475,32
14476,29
14477,30
14537,19
14643,20
14644,20
14645,20
14763,22
14764,22
14765,22
14771,21
14772,20
14773,18
14774,18
15109,20
15110,20
15111,20
15327,26
15328,28
15329,32
15331,26
15332,22
15333,22
15334,24
15395,20
15486,28
15488,26
15489,24
15490,22
15491,22
15492,25
15493,22
15579,29
15614,24
15615,26
15617,28
15618,22
15619,25
15620,22
15621,24
15668,31
15670,32
15671,28
15672,24
15673,26
15674,26
15758,20
15763,36
15764,29
15765,31
15808,31
15809,28
15810,32
15811,30
15812,29
15869,24
15870,26
15872,28
15873,22
15874,22
15875,22
15907,31
15908,32
15909,28
15910,24
15911,26
15912,24
15913,26
15941,28
15942,32
15943,31
15944,24
15945,26
15946,26
16015,32
16017,28
16018,26
16019,22
16020,24
16021,22
16022,22
16065,21
16070,29
16071,32
16130,22
16131,21
16132,21
16137,20
16162,22
16163,21
16166,22
16167,22
16168,24
16196,26
16197,22
16198,24
16202,22
16203,22
16204,25
16205,18
16262,21
16263,21
16265,29
16266,36
16267,31
16294,22
16295,22
16296,25
16297,25
16299,26
16300,24
16301,22
16556,32
16557,31
16558,30
16559,26
16649,32
16650,31
16651,29
16652,30
16653,31
16654,32
16655,32
16656,31
16657,29
16774,15
16823,29
16824,36
16825,31
16826,31
16827,36
16828,30
16829,24
16830,28
16831,32
16832,31
16843,19
16860,28
16862,24
16863,26
16864,22
16865,22
16866,25
16867,22
16868,25
16869,25
16870,22
16871,22
16872,24
16873,24
16875,26
16878,31
16879,32
16880,29
16881,30
16882,28
16883,32
16884,31
16973,32
16974,31
16975,28
16976,28
16977,26
16978,28
16979,24
16980,24
16981,31
16982,32
16983,32
16984,31
16985,30
16986,28
16987,26
16988,31
16989,36
16990,24
16991,26
16992,26
16993,26
16994,32
16995,28
16996,31
16997,32
16998,28
16999,30
17000,30
17001,29
17002,30
17003,32
17004,31
17005,32
17006,28
17007,30
17008,29
17009,31
17010,31
17011,30
17012,28
17013,32
17014,28
17015,26
17016,24
17017,32
17018,32
17019,31
17020,31
17021,31
17022,30
17023,28
17024,32
17025,31
17026,32
17027,29
17028,30
17029,29
17030,32
17031,31
17032,32
17033,28
17034,30
17035,31
17036,31
17037,32
17038,28
17039,31
17040,24
17041,26
17042,26
17043,31
17044,32
17045,29
17046,29
17047,29
17048,28
17049,32
17050,31
17051,19
17052,19
17053,19
17054,19
17055,15
17056,15
17057,24
17058,30
17059,26
17060,28
17061,31
17062,32
17063,29
17064,29
17065,31
17066,32
17067,28
17068,32
17069,30
17070,24
17071,31
17072,32
17073,31
17074,30
17075,28
17076,26
17077,28
17078,32
17079,30
17080,31
17081,31
17082,31
17083,30
17084,24
17085,32
17086,28
17087,29
17088,29
17089,36
17090,31
17091,31
17092,29
17093,36
17094,29
17095,31
17096,32
17097,29
17098,29
17099,29
17100,29
17101,29
18099,19
18100,19
18101,19
18102,29
18103,36
18384,19
18697,31
18838,20
18839,20
18841,20
18846,19
18947,28
18949,26
19662,26
19663,24
19664,22
19665,22
19666,22
19667,25
19668,25
19716,19
19717,19
19718,20
19719,20
19720,20
20639,22
20640,21
20641,21
20642,20
20643,20
20682,26
21070,20
21071,19
21072,20
21073,19
21074,19
21075,15
21331,28
21332,30
21333,29
21334,32
21335,31
21338,22
21339,21
21345,29
21353,31
21354,30
21355,24
21356,28
21357,31
21358,32
21359,22
21367,31
21368,32
21369,29
21370,36
21371,36
21372,31
21373,26
21374,24
21375,28
21376,32
21377,32
21378,31
21379,32
21380,29
21381,30
21382,32
21383,26
21384,30
21385,28
21386,32
21387,31
21388,31
21389,32
21390,29
21391,32
21392,36
21393,29
21783,28
21784,26
21785,22
21786,22
21787,24
22173,21
22174,21
22175,18
22176,18
22177,20
22178,22
22179,22
22246,32
22247,28
22248,22
22249,22
22250,26
22251,24
22252,26
24703,15
24704,19
24705,19
24706,19
24707,19
24775,32
24776,26
24777,24
24778,26
24779,28
24780,26
24781,19
24782,20
24783,19
24784,15
24785,15
24786,20
24787,20
24815,31
24816,32
24817,26
24818,26
24819,24
24820,28
24821,26
24830,32
24831,31
24832,26
24833,28
24834,26
24835,24
24836,20
24837,19
24859,20
24860,20
24861,29
24862,36
24863,31
24864,19
24865,15
24866,20
24867,20
24868,21
24869,20
24891,20
24892,20
24893,19
24901,31
24902,32
24903,28
24904,26
24905,26
24906,24
24917,28
24918,29
24919,30
24920,32
24921,31
24932,31
24933,32
24934,28
24935,24
24936,24
24937,26
24938,21
24939,22
24940,22
24947,29
24948,36
24955,21
24956,21
24959,29
24960,31
24961,19
24962,15
24963,15
24964,20
24965,19
24966,20
24967,20
24989,20
24990,20
24991,19
24992,19
24993,15
24994,19
25003,31
25004,28
25005,30
25006,24
25007,31
25008,32
25018,32
25019,30
25020,29
25021,28
25022,21
25023,25
25024,18
25025,22
25026,22
25031,22
25032,24
25033,22
25045,31
25046,32
25047,28
25048,24
25049,30
25050,26
25051,22
25052,22
25060,31
25061,36
25070,31
25071,32
25072,24
25073,26
25074,24
25075,26
25076,28
25077,21
25078,22
25079,22
25091,24
25092,22
25093,22
25094,21
25095,29
25103,22
25104,24
25106,22
25107,22
25108,22
25109,18
25110,18
25111,21
25114,24
25115,22
25128,22
25131,31
25132,36
25133,31
25134,22
25135,22
25136,25
25137,18
25138,21
25141,24
25142,22
25147,24
25148,26
25151,22
25152,25
25153,22
25154,22
25155,22
25156,22
25159,24
25160,22
25166,21
25167,22
25172,20
25173,20
25176,22
25177,22
25178,25
25179,18
25180,21
25184,24
25185,22
25190,21
25191,21
25196,20
25197,20
25200,21
25201,22
25205,22
25206,22
25211,24
25212,26
25220,22
25221,22
25224,21
25225,21
25226,22
25227,22
25228,25
25231,24
25232,26
25238,22
25239,22
25242,36
25243,29
25244,31
25245,22
25246,21
25249,22
25250,22
25254,31
25255,28
25256,32
25257,26
25258,30
25259,24
25260,21
25261,22
25262,22
25263,24
25264,24
25275,32
25276,28
25277,24
25278,26
25279,22
25280,26
25281,22
25282,21
25283,22
25284,24
25293,24
25294,22
25295,22
25296,22
25297,21
25305,26
25306,28
25307,22
25308,22
25309,25
25310,24
25311,22
25312,21
25313,22
25314,20
25315,22
25316,22
25327,22
25328,22
25329,22
25330,21
25339,26
25340,24
25341,22
25342,22
25343,21
25344,18
25345,25
25346,22
25347,25
25348,22
25349,24
25350,22
25351,26
25352,28
25360,24
25361,22
25362,21
25363,22
25364,21
25365,18
25366,22
25367,21
25368,22
25369,22
25376,29
25377,22
25378,26
25379,22
25380,24
25381,26
25382,32
25383,28
25384,22
25385,24
25390,22
25391,22
25392,21
25393,22
25394,22
25395,25
25396,22
25397,24
25401,28
25402,26
25403,22
25404,24
25409,22
25410,22
25411,18
25412,18
25413,21
25414,21
25415,25
25416,22
25417,22
25422,24
25423,22
25424,24
25425,26
25429,24
25430,22
25431,25
25432,25
25433,22
25434,21
25435,18
25436,18
25437,21
25438,22
25444,24
25445,22
25446,24
25447,26
25452,22
25453,22
25454,25
25455,22
25456,21
25457,25
25458,22
25459,22
25465,24
25466,22
25467,22
25474,22
25475,21
25476,22
25477,24
25478,22
25479,22
25483,28
25484,26
25485,32
25486,29
25487,30
25488,31
25489,24
25490,26
25491,26
25492,24
25493,28
25494,32
25498,26
25499,24
25501,22
25502,25
25503,24
25504,22
25505,22
25506,24
25507,25
25508,25
25509,22
25511,24
25512,26
25517,28
25518,26
25520,22
25521,22
25522,24
25523,22
25524,22
25525,24
25526,25
25527,22
25529,24
25530,26
25533,26
25534,24
25537,22
25538,25
25539,25
25540,22
25541,22
25542,31
25543,36
25544,29
25545,31
25546,22
25547,22
25548,22
25549,24
25551,26
25552,26
25557,26
25558,24
25560,24
25561,22
25562,22
25563,25
25564,22
25565,32
25566,36
25567,31
25568,31
25569,36
25570,29
25571,31
25572,31
25573,29
25574,36
25575,22
25576,25
25577,22
25578,22
25579,24
25581,26
25582,28
25585,31
25586,32
25587,28
25588,32
25589,28
25590,26
25591,24
25592,32
25593,26
25594,28
25598,22
25599,22
25600,22
25601,24
25602,32
25603,28
25604,26
25605,24
25606,31
25607,32
25608,32
25609,31
25610,24
25611,26
25612,26
25613,28
25614,32
25615,28
25616,26
25617,26
25618,24
25619,31
25620,32
25621,32
25622,31
25623,24
25624,24
25625,26
25626,28
25627,31
25628,32
25629,29
25630,24
25631,26
25632,26
25633,26
25634,28
25635,31
25636,32
25637,31
25638,32
25639,28
25640,28
25641,30
25642,24
25643,26
25644,26
25645,28
25646,32
25647,32
25648,31
25649,31
25650,32
25651,32
25652,30
25653,29
25654,26
25655,24
25656,26
25657,28
25658,32
25659,28
25660,32
25661,31
25662,28
25663,26
25664,26
25665,24
25666,24
25667,26
25668,26
25669,28
25670,32
25671,31
25672,29
25673,24
25674,26
25675,32
25676,28
25677,32
25678,31
25679,28
25680,26
25682,24
25683,26
25684,22
25685,22
25686,22
25687,24
25688,26
25689,32
25690,28
25691,31
25692,31
25693,28
25694,32
25695,26
25696,30
25697,24
25698,30
25699,29
25700,32
25701,31
25702,32
25703,32
25704,31
25705,28
25706,29
25707,30
25708,30
25709,26
25710,32
25711,28
25712,31
25713,32
25714,31
25715,28
25716,32
25717,26
25718,24
25719,26
25720,29
25721,32
25722,31
25723,28
25724,32
25725,26
25726,24
25727,31
25728,32
25729,32
25730,31
25731,24
25732,26
25733,28
25734,26
25735,22
25736,24
25737,22
25738,22
25739,28
25740,26
25743,29
25744,28
25745,32
25746,28
25747,32
25748,26
25749,24
25750,32
25751,31
25752,28
25753,26
25757,22
25758,25
25759,22
25760,24
25761,22
25762,28
25763,32
25764,26
25765,26
25766,24
25767,32
25768,31
25769,29
25770,36
25771,24
25772,26
25773,26
25774,28
25775,32
25776,29
25777,36
25778,29
25779,32
25780,31
25781,29
25785,20
25786,20
25807,21
25808,20
25809,19
25810,20
25811,19
25812,15
25813,20
25814,19
25815,20
25816,20
25837,20
25838,20
25839,19
25840,20
25841,15
25842,19
25843,20
25844,20
25845,21
25854,29
25855,36
25856,15
25857,19
25858,20
25859,19
25866,20
25867,20
25873,21
25880,31
25881,32
25882,29
25883,30
25892,30
25893,30
25894,28
25895,32
25896,31
25906,31
25907,32
25908,28
25909,26
25910,30
25911,24
25912,20
25913,20
25914,21
25925,36
25926,29
25927,20
25933,21
25934,20
25939,29
25940,36
25950,24
25951,30
25952,28
25953,31
25954,32
25959,21
25973,31
25974,28
25975,32
25976,26
25977,30
25978,24
26054,29
26055,32
26056,31
26069,20
26072,20
26073,20
26082,20
26083,20
26086,20
26091,29
26092,36
26205,32
26206,31
26207,24
26208,26
26209,32
26210,28
26211,20
26212,20
26221,31
26222,29
26223,20
26230,20
26231,20
26245,31
26246,32
26247,28
26248,30
26249,24
26250,26
26251,20
26252,21
26262,31
26263,36
26264,19
26265,19
26272,20
26273,19
26285,20
26286,20
26293,20
26294,29
26295,36
26307,31
26308,30
26309,28
26310,31
26311,32
26312,26
26313,28
26314,24
26315,24
26316,32
26329,28
26330,32
26332,26
26333,24
26334,28
26335,26
26349,26
26350,24
26351,22
26352,22
26353,25
26354,25
26379,32
26380,26
26381,24
26382,26
26383,32
26384,28
26398,32
26399,32
26400,29
26401,30
26413,26
26414,28
26415,22
26416,22
26417,24
26418,20
26419,20
26429,31
26430,36
26431,29
26443,28
26444,32
26445,22
26446,26
26447,24
26459,31
26460,32
26461,26
26462,28
26463,24
26464,24
26465,26
26466,22
26467,26
26468,24
26469,28
26470,32
26493,31
26494,32
26495,28
26496,32
26497,26
26498,24
26499,26
26500,21
26510,36
26511,31
26526,28
26527,26
26528,22
26529,22
26530,24
26531,22
26541,31
26542,32
26543,31
26544,30
26545,24
26546,28
26547,21
26558,32
26559,29
26560,31
26561,20
26568,20
26569,20
26574,29
26575,36
26576,31
26577,20
26578,20
26579,20
26589,29
26590,20
26596,20
26597,20
26606,20
26607,21
26614,20
26615,20
26616,19
26617,19
26618,19
26624,19
26625,19
26706,20
26707,21
26710,20
26711,29
26712,15
26713,15
26714,19
26715,20
26716,19
26719,21
26720,20
26769,20
26770,21
26775,19
26776,20
26777,19
26778,15
26779,15
26812,21
26813,20
26816,36
26817,29
26818,31
26851,21
26856,32
26857,30
26858,29
26859,31
26918,19
26919,19
26924,19
26925,19
26996,20
26997,20
27001,20
27002,19
27003,20
27004,20
27005,15
27006,15
27007,19
27011,21
27012,20
27017,21
27025,32
27026,29
27027,31
27058,20
27063,21
27064,20
27067,29
27110,25
27111,25
27112,22
27113,24
27116,24
27117,26
27132,21
27135,31
27136,31
27137,29
27138,36
27139,29
27140,36
27141,29
27142,24
27143,26
27144,28
27145,32
27146,26
27147,31
27148,32
27149,32
27150,31
27151,32
27152,28
27153,26
27154,24
27155,26
27169,22
27170,22
27171,25
27175,22
27176,24
27178,26
27194,20
27197,20
27198,19
27202,29
27223,28
27224,28
27225,32
27226,26
27227,24
27228,26
27258,31
27259,28
27260,32
27261,26
27262,24
27263,24
27284,31
27285,29
27286,30
27287,32
27288,28
27289,19
27290,19
27291,19
27294,20
27330,31
27331,31
27332,32
27333,28
27334,30
27382,20
27383,20
27386,21
27387,29
27388,36
27407,31
27408,32
27409,24
27410,30
27411,28
27412,28
27423,26
27424,26
27425,28
27427,24
27428,22
27429,22
27441,31
27442,32
27443,24
27444,26
27445,28
27472,20
27473,20
27474,18
27475,15
27476,20
27477,21
27479,22
27487,19
27517,21
27522,29
27523,36
27524,31
27535,21
27536,22
27539,26
27542,24
27543,22
27578,20
27579,21
27581,22
27582,20
27583,20
27584,15
27585,15
27599,21
27600,22
27603,22
27604,21
27624,20
27625,20
27627,20
27628,19
27629,19
27630,15
27658,21
27664,36
27665,31
27666,29
27676,25
27677,22
27678,22
27679,22
27683,28
27684,26
27685,24
27699,24
27700,24
27701,26
27705,22
27706,22
27707,25
27726,28
27727,26
27728,24
27729,22
27730,25
27731,22
27732,22
27744,22
27745,21
27746,18
27747,18
27748,22
27749,22
27750,24
27775,21
27776,29
27777,30
27778,32
27779,31
27793,22
27794,21
27795,24
27797,22
27798,22
27820,24
27821,24
27823,26
27824,22
27825,22
27826,25
27827,25
27878,19
27881,29
27882,32
27883,30
27884,31
27887,19
27888,19
27913,32
27914,28
27915,31
27917,26
27928,22
27929,25
27930,22
27932,28
27933,24
27934,26
27950,26
27951,24
27952,28
27954,22
27955,22
27956,25
27957,22
27972,28
27973,24
27974,26
27975,22
27976,22
27977,22
28006,32
28007,31
28008,24
28009,24
28010,26
28011,28
28025,22
28026,22
28027,25
28028,24
28029,24
28030,26
28048,24
28049,22
28050,22
28051,25
28052,21
28053,22
28063,22
28064,22
28065,22
28066,24
28086,22
28087,22
28088,21
28099,22
28100,22
28101,24
28107,21
28108,21
28109,18
28110,18
28115,20
28116,19
28124,29
28125,36
28126,31
28139,31
28140,32
28141,29
28142,32
28153,22
28154,21
28155,22
28156,24
28157,24
28174,26
28175,24
28176,24
28177,22
28178,22
28179,25
28191,32
28192,31
28193,24
28194,26
28195,26
28196,28
28208,22
28209,22
28210,25
28211,25
28212,24
28213,22
28215,26
28231,24
28234,22
28235,22
28236,18
28237,21
28238,22
28250,22
28251,22
28252,22
28254,24
28271,31
28272,28
28273,32
28274,26
28275,24
28285,21
28286,22
28287,25
28288,24
28289,22
28290,24
28307,26
28308,24
28309,24
28310,25
28311,25
28312,22
28313,22
28329,21
28330,22
28331,25
28332,22
28333,22
28334,24
28343,20
28344,19
28345,19
28346,19
28347,19
28387,28
28388,28
28389,32
28391,24
28392,26
28393,26
28394,26
28404,25
28405,22
28406,21
28408,26
28409,22
28410,24
28423,28
28424,28
28425,32
28427,26
28428,26
28429,24
28438,21
28441,22
28442,22
28443,22
28461,26
28462,24
28463,28
28465,22
28466,22
28467,22
28477,22
28493,21
28501,29
28502,32
28503,31
28524,32
28525,32
28526,29
28527,30
28555,31
28556,24
28557,30
28558,28
28559,32
28571,31
28572,32
28573,28
28574,30
28575,24
28576,20
28578,20
28587,36
28588,31
28589,15
28590,15
28591,20
28592,19
28596,21
28599,20
28600,20
28613,20
28617,31
28618,36
28631,32
28632,31
28633,30
28634,24
28635,26
28636,28
28646,32
28647,28
28648,31
28649,26
28650,24
28651,26
28652,20
28654,19
28655,19
28677,20
28678,36
28679,31
28690,31
28691,28
28692,32
28693,29
28694,30
28703,28
28704,32
28705,31
28706,24
28707,26
28708,24
28709,20
28711,20
28712,19
28722,29
28723,36
28724,15
28725,18
28726,20
28727,20
28732,21
28733,21
28734,22
28744,20
28746,20
28747,19
28752,19
28756,20
28757,20
28759,21
28771,20
28772,19
28773,19
28777,29
28778,36
28779,15
28780,20
28781,20
28786,20
28787,21
28788,22
28803,20
28804,19
28805,19
28810,19
28814,20
28815,20
28816,20
28834,31
28835,32
28836,29
28837,28
28843,19
28844,19
28847,20
28848,19
28864,31
28865,28
28866,26
28867,24
28868,24
28884,19
28885,20
28886,20
28888,15
28889,15
28890,19
28891,19
28901,20
28902,19
28903,15
28904,15
28906,21
28907,20
28908,20
28929,32
28930,31
28931,24
28932,26
28935,24
28936,24
28937,28
28938,32
28939,19
28940,19
28941,19
28947,19
28948,19
28949,15
28970,19
28971,36
28972,32
28973,29
28974,31
28975,20
28987,31
28988,32
28989,29
28998,31
28999,32
29000,24
29001,26
29002,28
29003,26
29004,22
29007,22
29010,31
29011,36
29015,22
29018,22
29019,36
29020,31
29021,29
29022,21
29023,21
29025,22
29031,29
29032,18
29033,18
29034,21
29035,21
29040,24
29042,22
29043,22
29044,22
29045,22
29047,22
29052,21
29053,18
29054,31
29055,32
29056,31
29057,32
29058,30
29059,26
29060,24
29061,28
29062,21
29063,21
29064,22
29065,22
29066,24
29075,24
29076,22
29077,22
29078,21
29079,22
29080,18
29081,25
29082,25
29083,22
29084,22
29085,22
29086,24
29087,26
29094,32
29095,28
29096,26
29097,22
29098,24
29099,26
29100,22
29101,26
29102,26
29103,24
29104,28
29105,32
29106,31
29107,26
29110,24
29111,22
29114,22
29115,22
29116,22
29117,22
29118,25
29121,22
29122,24
29124,26
29125,36
29126,32
29127,31
29128,29
29129,29
29130,29
29131,29
29132,29
29141,15
29158,24
29159,26
29160,28
29162,22
29185,28
29186,26
29187,26
29188,24
29189,22
29190,22
29221,24
29222,24
29223,26
29224,25
29225,22
29226,22
29237,28
29239,26
29240,24
29241,22
29242,22
29243,22
29244,25
29245,15
29246,19
29247,19
29248,19
29249,19
29251,19
29288,19
29290,19
29301,24
29302,22
29304,26
29308,22
29309,22
29332,22
29334,22
29358,22
29359,21
29361,22
29362,20
29363,21
29364,18
29365,18
29373,31
29382,22
29383,22
29388,18
29389,21
29390,21
29412,32
29413,26
29414,28
29415,22
29416,24
29417,26
29418,22
29438,20
29439,20
29440,20
29441,21
29462,19
29463,31
29464,36
29465,32
29477,32
29479,28
29480,28
29491,32
29492,28
29493,31
29494,24
29495,24
29496,26
29497,26
29511,19
29512,20
29514,19
29515,19
29539,19
29540,19
29542,20
29543,36
29544,29
29559,36
29560,32
29561,29
29562,31
29603,20
29608,31
29609,30
29610,32
29611,29
29629,24
29630,22
29631,26
29632,25
29633,22
29634,22
29681,31
29682,28
29683,32
29684,26
29685,26
29686,24
29733,25
29734,22
29735,22
29736,24
29737,24
29738,26
29820,31
29821,32
29844,20
29875,20
29876,20
29877,19
29878,19
29879,19
29880,15
29881,15
29904,22
29905,22
29935,26
29936,24
29937,24
29938,25
29939,25
29940,22
29941,22
29989,28
29990,28
29991,32
29993,26
30028,28
30029,26
30030,24
30031,22
30032,22
30033,22
30034,25
30047,24
30075,19
30076,19
30077,19
30078,15
30079,19
30080,19
30098,20
30099,20
30100,15
30101,15
30102,21
30103,20
30104,21
30137,24
30138,22
30139,22
30140,21
30141,21
30189,31
30190,32
30191,28
30192,30
30251,22
30252,24
30253,26
30255,28
30290,31
30291,32
30292,28
30293,30
30294,24
30326,22
30327,22
30328,22
30330,24
30350,24
30352,22
30353,22
30354,22
30355,21
30356,18
30357,25
30414,19
30419,36
30420,29
30421,31
30444,32
30446,26
30447,28
30448,24
30449,26
30450,22
30451,26
30475,32
30476,28
30477,31
30478,24
30479,26
30480,24
30510,19
30511,20
30512,15
30513,21
30515,20
30516,20
30539,21
30540,20
30542,21
30543,20
30544,20
30554,32
30556,26
30557,28
30558,22
30559,24
30560,26
30561,22
30562,21
30564,22
30569,36
30570,31
30580,31
30581,32
30582,26
30583,28
30584,24
30595,26
30596,28
30597,32
30600,22
30601,22
30602,21
30606,18
30607,18
30608,21
30609,20
30670,26
30671,28
30684,26
30685,24
30686,22
30690,22
30691,22
30692,25
30693,25
30711,31
30712,30
30713,24
30714,32
30715,28
30727,20
30728,20
30729,15
30730,18
30731,21
30732,21
30733,22
30752,22
30753,21
30754,21
30755,20
30756,20
30769,32
30770,32
30771,31
30772,26
30773,28
30774,24
30775,26
30819,21
30820,20
30821,20
30822,20
30832,22
30833,22
30834,22
30835,24
30851,26
30852,24
30853,24
30854,22
30855,22
30856,22
30869,28
30870,32
30871,31
30872,24
30873,26
30874,26
30875,24
30876,19
30877,19
30878,15
30879,15
30880,20
30882,19
30883,19
30902,22
30903,36
30904,29
30905,31
30917,32
30918,31
30919,26
30920,28
30921,24
30933,26
30934,26
30935,28
30937,22
30938,24
30939,22
30950,32
30951,28
30952,28
30953,24
30954,26
30955,26
30956,22
30992,32
30993,28
30994,31
30995,26
30996,24
30997,26
30998,24
31027,22
31030,21
31031,31
31032,36
31033,36
31062,22
31063,21
31065,22
31066,18
31067,20
31068,21
31089,31
31090,32
31091,28
31092,29
31102,25
31103,18
31104,21
31105,22
31106,22
31107,22
31109,24
31124,31
31125,32
31135,22
31136,22
31139,26
31142,24
31143,22
31166,24
31168,26
31169,22
31170,22
31171,25
31191,25
31192,22
31193,22
31194,26
31196,24
31197,22
31219,32
31220,32
31221,29
31222,30
31242,31
31243,24
31244,30
31245,28
31246,32
31276,22
31277,22
31278,24
31280,26
31301,21
31303,21
31304,20
31305,20
31306,20
31307,15
31324,20
31327,20
31354,24
31356,24
31357,22
31358,25
31359,18
31360,21
31361,22
31402,32
31403,32
31404,28
31405,26
31406,26
31407,24
31563,10
31564,14
31565,10
31566,16
31572,14
31786,10
31787,10
31788,14
31789,21
31790,21
32116,16
32117,16
32118,16
32119,14
32120,14
32272,18
32273,18
32274,21
32276,14
32277,16
32278,19
32279,16
32512,18
32513,19
32514,21
32516,16
32517,16
32593,10
32594,10
32596,14
32597,10
32598,10
32604,14
32715,16
32716,16
32717,19
32719,16
32720,14
32788,10
32790,14
32791,10
32792,10
32872,21
32873,18
32874,18
32875,19
32876,16
32877,14
32878,16
33013,21
33014,21
33015,14
33016,14
33017,19
33018,18
33074,18
33075,19
33077,21
33078,16
33079,16
33080,14
33081,14
33159,10
33160,10
33162,10
33163,10
33169,14
33274,10
33275,14
33276,14
33280,16
33281,16
33283,19
33408,19
33954,18
33955,19
33957,16
34195,18
34196,19
34197,19
34198,16
34199,16
34200,14
34201,14
34229,21
34230,21
34282,16
34284,16
34285,14
34330,10
34331,10
34333,10
34334,14
34393,10
34395,10
34396,10
34397,10
34450,16
34451,16
34452,14
34453,16
34454,19
34455,18
34457,21
34510,14
34511,10
34512,10
34517,10
34518,10
34545,18
34546,21
34547,21
34548,19
34549,16
34550,16
34551,16
34648,19
34650,16
34651,16
34652,14
34653,14
34690,10
34691,10
34692,14
34693,16
34694,16
34696,19
34742,10
34744,21
34745,21
34761,10
34762,10
34763,10
34764,10
34766,16
34767,14
34768,10
34786,14
34792,10
34793,18
34794,21
34795,21
34811,10
34812,10
34818,10
34819,10
34836,16
34837,19
34841,16
34842,16
34843,14
34877,14
34878,10
34880,10
34895,10
34896,10
34897,10
34898,10
34899,10
34901,10
34902,10
34926,21
34927,18
34929,16
34930,14
34931,16
34932,16
34933,19
34947,10
34948,14
34954,14
34955,14
35017,18
35018,21
35019,18
35020,21
35034,10
35035,10
35036,10
35038,10
35039,10
35062,21
35063,21
35064,19
35065,18
35066,14
35067,16
35096,10
35097,10
35098,10
35099,10
35100,10
35101,10
35102,10
35129,21
35130,21
35131,21
35132,10
35133,18
35148,10
35154,18
35155,10
35156,21
35157,21
35158,21
35176,10
35177,10
35179,21
35180,14
35181,10
35191,10
35192,10
35193,10
35194,10
35195,14
35197,16
35198,16
35215,21
35216,18
35218,19
35219,16
35220,16
35221,16
35222,14
35242,21
35273,10
35274,10
35275,10
35276,10
35277,10
35278,10
35279,10
35280,10
35281,10
35282,10
35292,14
35306,16
35307,14
35308,16
35312,19
35313,18
35345,21
35346,21
35347,21
35348,18
35349,10
35359,21
35360,21
35361,14
35362,16
35363,19
35364,19
35365,18
35376,19
35377,18
35379,16
35380,14
35381,16
35382,10
35383,14
35401,21
35402,21
35403,14
35404,19
35405,18
35406,19
35407,16
35421,21
35434,21
35435,21
35436,18
35437,18
35438,14
35440,10
35451,10
35452,14
35453,21
35469,21
35470,21
35471,16
35472,14
35473,19
35474,18
35475,16
35485,18
35486,21
35488,14
35489,19
35490,16
35491,16
35492,16
35498,10
35504,21
35505,14
35506,21
35507,10
35508,16
35509,16
35510,14
35511,16
35514,18
35515,19
35529,18
35530,21
35531,16
35532,14
35533,19
35534,16
35535,14
35545,21
35546,18
35548,19
35549,19
35550,16
35551,16
35552,10
35553,10
35555,10
35556,10
35573,10
35574,10
35576,14
35577,14
35579,10
35580,10
35589,10
35590,14
35591,21
35597,10
35601,21
35602,21
35604,10
35612,21
35613,21
35614,10
35615,10
35621,10
35622,10
35627,14
35629,14
35636,21
35637,21
35638,10
35639,10
35645,16
35646,14
35648,14
35649,14
35650,19
35651,18
35652,19
35653,21
35654,21
35655,14
35664,21
35665,21
35666,10
35667,10
35668,10
35669,10
35670,10
35677,10
35681,14
35682,14
35689,10
35690,14
35691,14
35692,10
35693,10
35694,10
35701,16
35702,14
35703,14
35707,21
35708,10
35709,10
35710,10
35711,10
35712,10
35718,10
35719,14
35734,16
35735,14
35736,10
35738,14
35739,21
35740,10
35741,14
35749,18
35750,21
35751,10
35752,21
35761,16
35762,16
35767,14
35768,21
35769,10
35770,10
35771,14
35772,10
35773,16
35774,16
35777,19
35780,16
35787,21
35788,10
35789,21
35790,10
36321,16
36322,16
36323,14
36324,14
36325,10
36618,10
36619,10
36620,10
36627,14
36715,19
36716,18
36717,16
36718,16
36719,14
36720,16
36855,21
36856,21
36857,19
36858,14
36859,19
36860,18
36861,16
37023,18
37024,21
37026,14
37027,19
37028,19
37029,16
37030,16
37350,10
37351,18
37352,21
37353,18
37354,18
37355,21
37356,21
37357,10
37358,14
37359,19
37360,21
37361,18
37362,16
37363,21
37364,21
37365,19
37366,18
37367,19
37368,14
37369,14
37370,19
37371,18
37372,19
37373,16
37374,21
37375,21
37376,21
37377,21
37378,18
37380,14
37381,19
37382,18
37383,16
37384,16
37385,18
37386,18
37387,21
37388,18
37389,14
37390,21
37391,21
37392,14
37393,18
37394,21
37395,19
37396,14
37397,10
37398,21
37399,21
37400,21
37401,18
37402,14
37403,18
37404,21
37405,19
37406,14
37407,21
37408,14
37409,21
37410,14
37411,14
37412,19
37413,14
37414,21
37415,18
37416,21
37417,21
37418,21
37419,10
37420,21
37421,18
37422,16
37423,19
37424,14
37425,21
37426,18
37427,21
37428,14
37429,21
37430,14
37431,21
37432,14
37433,14
37434,10
37435,21
37436,21
37437,14
37438,21
37439,10
37440,10
37441,21
37442,10
37443,21
37444,14
37445,14
37446,18
37447,10
37448,21
37449,21
37450,21
37451,21
37452,21
37453,10
37454,18
37455,18
37456,10
37457,21
37458,21
37459,21
37460,21
37461,10
37462,18
37463,14
37464,14
37465,14
37466,21
37467,10
37468,10
37469,21
37470,14
37471,21
37472,21
37473,14
37474,21
37475,10
37476,14
37477,14
37478,14
37479,14
37480,14
37481,14
37482,14
37483,14
37484,14
37485,14
